# meep=1.28.0 res=25.0 lam=1.55 f=6.0 y_focus=5.80 fwhm=0.625 dl=0.904 eff=0.420 cols=x_um,intensity
-1.000000000000000000e+01,3.809576930416890689e-02
-9.937500000000000000e+00,3.950714608974732062e-02
-9.875000000000000000e+00,4.099218577774827593e-02
-9.812500000000000000e+00,4.223761121187307593e-02
-9.750000000000000000e+00,4.344135442354109256e-02
-9.687500000000000000e+00,4.451860485333408030e-02
-9.625000000000000000e+00,4.535062852103313724e-02
-9.562500000000000000e+00,4.609479966107012106e-02
-9.500000000000000000e+00,4.631919262978298479e-02
-9.437500000000000000e+00,4.637138310939088737e-02
-9.375000000000000000e+00,4.589827550775647802e-02
-9.312500000000000000e+00,4.529455710123534568e-02
-9.250000000000000000e+00,4.429259408875008130e-02
-9.187500000000000000e+00,4.294088787755316605e-02
-9.125000000000000000e+00,4.133316362035040908e-02
-9.062500000000000000e+00,3.939733736369205319e-02
-9.000000000000000000e+00,3.748214480921071429e-02
-8.937500000000000000e+00,3.541353648642592278e-02
-8.875000000000000000e+00,3.343557264891358627e-02
-8.812500000000000000e+00,3.140894208991337061e-02
-8.750000000000000000e+00,2.945791915160076574e-02
-8.687500000000000000e+00,2.761842538286201840e-02
-8.625000000000000000e+00,2.594969422904540995e-02
-8.562500000000000000e+00,2.449758640657632644e-02
-8.500000000000000000e+00,2.331952017408042005e-02
-8.437500000000000000e+00,2.246984571417097454e-02
-8.375000000000000000e+00,2.203406462757610124e-02
-8.312500000000000000e+00,2.200193856868817160e-02
-8.250000000000000000e+00,2.241230688078884800e-02
-8.187500000000000000e+00,2.327031603276420724e-02
-8.125000000000000000e+00,2.457517945096646811e-02
-8.062500000000000000e+00,2.631470364802590556e-02
-8.000000000000000000e+00,2.835948476685345998e-02
-7.937500000000000000e+00,3.058180779054953460e-02
-7.875000000000000000e+00,3.281819282579568481e-02
-7.812500000000000000e+00,3.485070303460714725e-02
-7.750000000000000000e+00,3.652679108938869379e-02
-7.687500000000000000e+00,3.762027406707730420e-02
-7.625000000000000000e+00,3.778246377840454445e-02
-7.562500000000000000e+00,3.685831369547468150e-02
-7.500000000000000000e+00,3.459587517255825057e-02
-7.437500000000000000e+00,3.121133796140360475e-02
-7.375000000000000000e+00,2.661499996942674751e-02
-7.312500000000000000e+00,2.135454446871570822e-02
-7.250000000000000000e+00,1.579767570310342678e-02
-7.187500000000000000e+00,1.054862284569554540e-02
-7.125000000000000000e+00,6.332032443891543773e-03
-7.062500000000000000e+00,3.917061677164645865e-03
-7.000000000000000000e+00,3.977703620329654799e-03
-6.937500000000000000e+00,7.333651125183691596e-03
-6.875000000000000000e+00,1.450420386427539281e-02
-6.812500000000000000e+00,2.602916815498796527e-02
-6.750000000000000000e+00,4.191376464525615325e-02
-6.687500000000000000e+00,6.189708564763471421e-02
-6.625000000000000000e+00,8.525004279930559203e-02
-6.562500000000000000e+00,1.110582865780041090e-01
-6.500000000000000000e+00,1.377170271267801338e-01
-6.437500000000000000e+00,1.640730556753174640e-01
-6.375000000000000000e+00,1.877344351434013792e-01
-6.312500000000000000e+00,2.076797679479829573e-01
-6.250000000000000000e+00,2.219814375446592936e-01
-6.187500000000000000e+00,2.295073132570484842e-01
-6.125000000000000000e+00,2.297683505047543873e-01
-6.062500000000000000e+00,2.219882816615247056e-01
-6.000000000000000000e+00,2.075906272453445500e-01
-5.937500000000000000e+00,1.861737561010694819e-01
-5.875000000000000000e+00,1.605843858869748786e-01
-5.812500000000000000e+00,1.320069424032643546e-01
-5.750000000000000000e+00,1.030497329396715400e-01
-5.687500000000000000e+00,7.557342623709946416e-02
-5.625000000000000000e+00,5.134951805382827195e-02
-5.562500000000000000e+00,3.175328346225822496e-02
-5.500000000000000000e+00,1.763048246940839350e-02
-5.437500000000000000e+00,9.085009846126368416e-03
-5.375000000000000000e+00,5.906505968748252018e-03
-5.312500000000000000e+00,7.128920330220741772e-03
-5.250000000000000000e+00,1.145060381242542745e-02
-5.187500000000000000e+00,1.724591183806729877e-02
-5.125000000000000000e+00,2.296399290174735291e-02
-5.062500000000000000e+00,2.703224394786384738e-02
-5.000000000000000000e+00,2.884840480164335003e-02
-4.937500000000000000e+00,2.753713432596404873e-02
-4.875000000000000000e+00,2.381011935288894488e-02
-4.812500000000000000e+00,1.810167293128155108e-02
-4.750000000000000000e+00,1.184953479905861279e-02
-4.687500000000000000e+00,6.364388163735349400e-03
-4.625000000000000000e+00,2.886835236200457986e-03
-4.562500000000000000e+00,2.306404520155269297e-03
-4.500000000000000000e+00,4.977633435073353617e-03
-4.437500000000000000e+00,1.077977625606075032e-02
-4.375000000000000000e+00,1.891913408840768113e-02
-4.312500000000000000e+00,2.833948829674290404e-02
-4.250000000000000000e+00,3.755422107606799786e-02
-4.187500000000000000e+00,4.513782299425687927e-02
-4.125000000000000000e+00,4.992429655645786585e-02
-4.062500000000000000e+00,5.078584870600441614e-02
-4.000000000000000000e+00,4.805735058834085388e-02
-3.937500000000000000e+00,4.158840441451208680e-02
-3.875000000000000000e+00,3.311070770071853492e-02
-3.812500000000000000e+00,2.390376460696407371e-02
-3.750000000000000000e+00,1.616341881048771398e-02
-3.687500000000000000e+00,1.183928170479121682e-02
-3.625000000000000000e+00,1.246561286452946456e-02
-3.562500000000000000e+00,1.853480558850773355e-02
-3.500000000000000000e+00,2.957744149177397516e-02
-3.437500000000000000e+00,4.443543915826904389e-02
-3.375000000000000000e+00,6.093507518986698152e-02
-3.312500000000000000e+00,7.681866826225124123e-02
-3.250000000000000000e+00,8.909794818564814589e-02
-3.187500000000000000e+00,9.521480931824213845e-02
-3.125000000000000000e+00,9.376158593774114314e-02
-3.062500000000000000e+00,8.401377277703668545e-02
-3.000000000000000000e+00,6.837779881282067540e-02
-2.937500000000000000e+00,4.822732360535985502e-02
-2.875000000000000000e+00,2.807021591493854065e-02
-2.812500000000000000e+00,1.118219894899608914e-02
-2.750000000000000000e+00,1.561026456967257083e-03
-2.687500000000000000e+00,2.170174321164163381e-03
-2.625000000000000000e+00,1.484876024240376798e-02
-2.562500000000000000e+00,3.971608386104956423e-02
-2.500000000000000000e+00,7.460230214398941295e-02
-2.437500000000000000e+00,1.160862014214339710e-01
-2.375000000000000000e+00,1.580269556276958087e-01
-2.312500000000000000e+00,1.954756037653435918e-01
-2.250000000000000000e+00,2.220212681674003652e-01
-2.187500000000000000e+00,2.336116801265027410e-01
-2.125000000000000000e+00,2.288015170445922564e-01
-2.062500000000000000e+00,2.066941598449913708e-01
-2.000000000000000000e+00,1.723541568136723878e-01
-1.937500000000000000e+00,1.285112820244443121e-01
-1.875000000000000000e+00,8.549369974502891989e-02
-1.812500000000000000e+00,5.071657103106606834e-02
-1.750000000000000000e+00,3.307262632339724034e-02
-1.687500000000000000e+00,3.847695689761521792e-02
-1.625000000000000000e+00,6.977764740289746359e-02
-1.562500000000000000e+00,1.261693211989634578e-01
-1.500000000000000000e+00,2.021573826471536328e-01
-1.437500000000000000e+00,2.904425465913842430e-01
-1.375000000000000000e+00,3.780133641168087477e-01
-1.312500000000000000e+00,4.545159477366056411e-01
-1.250000000000000000e+00,5.065254484041709082e-01
-1.187500000000000000e+00,5.253379426348105952e-01
-1.125000000000000000e+00,5.073396001087483453e-01
-1.062500000000000000e+00,4.510508270094644168e-01
-1.000000000000000000e+00,3.692386199935794311e-01
-9.375000000000000000e-01,2.701111521500767498e-01
-8.750000000000000000e-01,1.770854051568969412e-01
-8.125000000000000000e-01,1.082580430274531352e-01
-7.500000000000000000e-01,8.508994792644485050e-02
-6.875000000000000000e-01,1.246310769894471149e-01
-6.250000000000000000e-01,2.389262123643886571e-01
-5.625000000000000000e-01,4.323457508474882749e-01
-5.000000000000000000e-01,6.998068651785055438e-01
-4.375000000000000000e-01,1.029144313829620572e+00
-3.750000000000000000e-01,1.395618860011718532e+00
-3.125000000000000000e-01,1.775915072774677306e+00
-2.500000000000000000e-01,2.135803191796243894e+00
-1.875000000000000000e-01,2.443767003256239079e+00
-1.250000000000000000e-01,2.674319947047042678e+00
-6.250000000000000000e-02,2.797118207356271924e+00
0.000000000000000000e+00,2.814369393334859470e+00
6.250000000000000000e-02,2.703579360767669915e+00
1.250000000000000000e-01,2.495970128324598747e+00
1.875000000000000000e-01,2.196516965416125622e+00
2.500000000000000000e-01,1.838870000685497219e+00
3.125000000000000000e-01,1.450700186386492119e+00
3.750000000000000000e-01,1.064049455066655936e+00
4.375000000000000000e-01,7.117965631976115315e-01
5.000000000000000000e-01,4.167176819520151954e-01
5.625000000000000000e-01,1.973521462453809994e-01
6.250000000000000000e-01,6.027034581184684964e-02
6.875000000000000000e-01,3.244075812942311468e-03
7.500000000000000000e-01,1.602496485284584868e-02
8.125000000000000000e-01,8.176158814787584661e-02
8.750000000000000000e-01,1.811197375949930299e-01
9.375000000000000000e-01,2.918711927448980337e-01
1.000000000000000000e+00,3.982125231353619288e-01
1.062500000000000000e+00,4.781503607461936589e-01
1.125000000000000000e+00,5.272483154112180825e-01
1.187500000000000000e+00,5.352443107034299263e-01
1.250000000000000000e+00,5.067546917060030687e-01
1.312500000000000000e+00,4.475089251084821140e-01
1.375000000000000000e+00,3.678112071445551745e-01
1.437500000000000000e+00,2.821681885252052546e-01
1.500000000000000000e+00,2.008718534607192296e-01
1.562500000000000000e+00,1.361892220299660838e-01
1.625000000000000000e+00,9.334062573290899389e-02
1.687500000000000000e+00,7.616961781522622876e-02
1.750000000000000000e+00,8.344650671695082178e-02
1.812500000000000000e+00,1.112011161982514179e-01
1.875000000000000000e+00,1.532483931083440665e-01
1.937500000000000000e+00,2.005843942682825065e-01
2.000000000000000000e+00,2.470454272469243262e-01
2.062500000000000000e+00,2.820803546914326665e-01
2.125000000000000000e+00,3.037060639126966111e-01
2.187500000000000000e+00,3.059588549362642351e-01
2.250000000000000000e+00,2.907448441034156672e-01
2.312500000000000000e+00,2.603907357007542722e-01
2.375000000000000000e+00,2.192328130544325404e-01
2.437500000000000000e+00,1.734045530976901783e-01
2.500000000000000000e+00,1.268673883748962783e-01
2.562500000000000000e+00,8.535290748774614078e-02
2.625000000000000000e+00,5.147071921867388961e-02
2.687500000000000000e+00,2.786170282947211113e-02
2.750000000000000000e+00,1.484499953767521099e-02
2.812500000000000000e+00,1.155192487260165747e-02
2.875000000000000000e+00,1.597938525908771876e-02
2.937500000000000000e+00,2.519465258338621574e-02
3.000000000000000000e+00,3.675624033266476631e-02
3.062500000000000000e+00,4.696558992960885720e-02
3.125000000000000000e+00,5.436654485134220782e-02
3.187500000000000000e+00,5.680686450436213397e-02
3.250000000000000000e+00,5.457193455465220860e-02
3.312500000000000000e+00,4.821659000708515552e-02
3.375000000000000000e+00,3.904601163320276652e-02
3.437500000000000000e+00,2.892319113602214581e-02
3.500000000000000000e+00,1.901494786544988616e-02
3.562500000000000000e+00,1.114067307110366313e-02
3.625000000000000000e+00,6.078502981194688383e-03
3.687500000000000000e+00,4.605285286699929183e-03
3.750000000000000000e+00,6.716673144514252389e-03
3.812500000000000000e+00,1.196937992142958936e-02
3.875000000000000000e+00,1.966545177789277843e-02
3.937500000000000000e+00,2.871965354618905356e-02
4.000000000000000000e+00,3.837024295873203705e-02
4.062500000000000000e+00,4.697248147960875891e-02
4.125000000000000000e+00,5.436339025065679842e-02
4.187500000000000000e+00,5.945240970784876344e-02
4.250000000000000000e+00,6.233689884956419847e-02
4.312500000000000000e+00,6.296584139652311451e-02
4.375000000000000000e+00,6.143088140447858225e-02
4.437500000000000000e+00,5.843300207513854594e-02
4.500000000000000000e+00,5.381590002668701356e-02
4.562500000000000000e+00,4.869383570043491621e-02
4.625000000000000000e+00,4.303161943272188622e-02
4.687500000000000000e+00,3.784477323504814583e-02
4.750000000000000000e+00,3.321119920294647587e-02
4.812500000000000000e+00,2.947985323136486507e-02
4.875000000000000000e+00,2.692321777237804623e-02
4.937500000000000000e+00,2.547557132403419078e-02
5.000000000000000000e+00,2.549022010640120128e-02
5.062500000000000000e+00,2.636497267539541708e-02
5.125000000000000000e+00,2.832254332551867315e-02
5.187500000000000000e+00,3.080113492708634951e-02
5.250000000000000000e+00,3.380367191948336486e-02
5.312500000000000000e+00,3.704807238064227598e-02
5.375000000000000000e+00,4.012362887603107553e-02
5.437500000000000000e+00,4.280853091453731135e-02
5.500000000000000000e+00,4.424303212359682186e-02
5.562500000000000000e+00,4.449926742819469705e-02
5.625000000000000000e+00,4.292821447029938897e-02
5.687500000000000000e+00,3.988073386159619871e-02
5.750000000000000000e+00,3.515950535708547292e-02
5.812500000000000000e+00,2.924186363898322039e-02
5.875000000000000000e+00,2.276320383746347972e-02
5.937500000000000000e+00,1.625747070194887359e-02
6.000000000000000000e+00,1.053543260573871002e-02
6.062500000000000000e+00,6.403771269173496802e-03
6.125000000000000000e+00,4.489958259951103668e-03
6.187500000000000000e+00,5.408141246998009709e-03
6.250000000000000000e+00,9.449818454425136863e-03
6.312500000000000000e+00,1.675874235975689103e-02
6.375000000000000000e+00,2.716886722724350112e-02
6.437500000000000000e+00,4.022723374078804315e-02
6.500000000000000000e+00,5.514965829382379586e-02
6.562500000000000000e+00,7.123154539885076519e-02
6.625000000000000000e+00,8.716547965821055954e-02
6.687500000000000000e+00,1.022199176791288855e-01
6.750000000000000000e+00,1.151778123026153261e-01
6.812500000000000000e+00,1.252989026789288196e-01
6.875000000000000000e+00,1.322512583507243489e-01
6.937500000000000000e+00,1.353517963136967595e-01
7.000000000000000000e+00,1.352743237309567415e-01
7.062500000000000000e+00,1.308759742654404812e-01
7.125000000000000000e+00,1.238571211276100481e-01
7.187500000000000000e+00,1.138898708110772234e-01
7.250000000000000000e+00,1.022751100232569821e-01
7.312500000000000000e+00,8.995339471478150384e-02
7.375000000000000000e+00,7.767588245149885384e-02
7.437500000000000000e+00,6.653728977491527030e-02
7.500000000000000000e+00,5.679523076984355906e-02
7.562500000000000000e+00,4.932461885019861353e-02
7.625000000000000000e+00,4.348081029403012832e-02
7.687500000000000000e+00,3.978540846680221621e-02
7.750000000000000000e+00,3.802050082553443816e-02
7.812500000000000000e+00,3.824032405115049965e-02
7.875000000000000000e+00,4.021391167948414752e-02
7.937500000000000000e+00,4.314798511760391253e-02
8.000000000000000000e+00,4.695649735481031983e-02
8.062500000000000000e+00,5.033680230480965662e-02
8.125000000000000000e+00,5.368919424894895431e-02
8.187500000000000000e+00,5.635872746798264304e-02
8.250000000000000000e+00,5.857117977741037318e-02
8.312500000000000000e+00,6.008203680111080108e-02
8.375000000000000000e+00,6.054554692441001251e-02
8.437500000000000000e+00,6.006812700758153156e-02
8.500000000000000000e+00,5.824422834846414154e-02
8.562500000000000000e+00,5.597673540278867710e-02
8.625000000000000000e+00,5.303658741727940162e-02
8.687500000000000000e+00,4.985483898923497720e-02
8.750000000000000000e+00,4.622462123482586754e-02
8.812500000000000000e+00,4.243322131200454733e-02
8.875000000000000000e+00,3.875986634522081420e-02
8.937500000000000000e+00,3.521617528344093973e-02
9.000000000000000000e+00,3.211914485202936598e-02
9.062500000000000000e+00,2.915522626370665310e-02
9.125000000000000000e+00,2.666114729763593288e-02
9.187500000000000000e+00,2.447986244342946482e-02
9.250000000000000000e+00,2.271692557596124637e-02
9.312500000000000000e+00,2.126716154487624799e-02
9.375000000000000000e+00,1.999778678213052358e-02
9.437500000000000000e+00,1.888870566382616287e-02
9.500000000000000000e+00,1.776748362686095262e-02
9.562500000000000000e+00,1.679129519814217056e-02
9.625000000000000000e+00,1.593112566066392025e-02
9.687500000000000000e+00,1.522109259137966603e-02
9.750000000000000000e+00,1.458127130671751925e-02
9.812500000000000000e+00,1.404444710733517530e-02
9.875000000000000000e+00,1.359873101674623913e-02
9.937500000000000000e+00,1.318040811538448431e-02
1.000000000000000000e+01,1.277679372361987913e-02
