# meep=1.28.0 res=30.0 lam=1.55 cols=d_um,T_rel_substrate,phase_rad circular_cover=6.20rad
8.000000000000000167e-02,9.015119455548371574e-01,-1.506281124805119331e+00
8.200000000000000344e-02,8.584806125559802936e-01,-1.371557652416519391e+00
8.400000000000000522e-02,8.051290256182912497e-01,-1.233910517237324367e+00
8.600000000000000699e-02,7.662218784770178370e-01,-1.114347491212725583e+00
8.800000000000000877e-02,7.268260506234387464e-01,-9.884308536574959447e-01
8.999999999999999667e-02,6.908632833494169345e-01,-8.690941734222528137e-01
9.199999999999999845e-02,6.637070360941562663e-01,-7.411089417523961664e-01
9.400000000000000022e-02,6.262034822405062595e-01,-6.329249071386643388e-01
9.600000000000000200e-02,6.078677918889534570e-01,-5.381143699116976986e-01
9.800000000000000377e-02,6.049861723303884276e-01,-4.320948780363649822e-01
1.000000000000000056e-01,6.088383758491645592e-01,-3.260166913881034079e-01
1.040000000000000091e-01,6.169887016523959433e-01,-1.911312397467226087e-01
1.080000000000000127e-01,6.363492119600019370e-01,-6.075771551026169087e-02
1.120000000000000162e-01,6.764035948204861759e-01,8.044110495102504976e-02
1.160000000000000198e-01,7.298884184275671316e-01,2.333626877869056371e-01
1.200000000000000094e-01,7.902321291582162788e-01,3.966948663638037442e-01
1.240000000000000130e-01,8.628468420849211284e-01,5.741965417842740393e-01
1.250000000000000000e-01,8.927082753082336009e-01,6.251350191548915580e-01
1.270000000000000018e-01,9.307032630427869435e-01,7.243226326812816085e-01
1.280000000000000027e-01,9.618652279168433683e-01,7.776123475014826703e-01
1.290000000000000036e-01,9.812804617250497907e-01,8.309761336129840581e-01
1.310000000000000053e-01,1.000316902706656741e+00,9.422003402219010226e-01
1.320000000000000062e-01,1.007258116391717362e+00,1.002092588283865604e+00
1.330000000000000071e-01,1.018662713737075620e+00,1.056070296243463602e+00
1.350000000000000089e-01,9.736309316224976973e-01,1.314359705185816907e+00
1.360000000000000098e-01,9.621940288290148358e-01,1.369671023657129671e+00
1.365000000000000102e-01,9.582792411788186859e-01,1.396969071418527886e+00
1.370000000000000107e-01,9.460541908039287184e-01,1.426123781915614952e+00
1.375000000000000111e-01,9.379632948845801899e-01,1.452145574414339668e+00
1.380000000000000115e-01,9.421305953362063557e-01,1.475620905022878571e+00
1.385000000000000120e-01,9.237794914053518713e-01,1.508353348576173758e+00
1.389999999999999847e-01,9.119870065558878247e-01,1.535102686774089564e+00
1.390000000000000124e-01,9.119870065558852712e-01,1.535102686774089564e+00
1.395000000000000129e-01,9.130928081499728455e-01,1.557889735659189645e+00
1.400000000000000133e-01,8.915533955090308993e-01,1.590077401360448617e+00
1.405000000000000138e-01,8.813717625261230371e-01,1.615159184414076909e+00
1.409999999999999865e-01,8.728174317147318062e-01,1.639992620352305863e+00
1.410000000000000142e-01,8.728174317147304739e-01,1.639992620352304975e+00
1.415000000000000147e-01,8.633107785145941460e-01,1.664576996304715895e+00
1.420000000000000151e-01,8.545611591402837437e-01,1.689728906818988685e+00
1.424999999999999878e-01,8.369158770229723210e-01,1.719256300018552119e+00
1.429999999999999882e-01,8.254382671193098986e-01,1.742571251552879952e+00
1.434999999999999887e-01,8.144241549500452759e-01,1.766225743876710608e+00
1.439999999999999891e-01,8.016239533697441244e-01,1.791121135642536721e+00
1.440000000000000169e-01,8.016239533697417929e-01,1.791121135642538720e+00
1.444999999999999896e-01,7.884112771153671817e-01,1.816644818841533837e+00
1.449999999999999900e-01,7.741472924651309206e-01,1.842428327790509579e+00
1.454999999999999905e-01,7.602233582352001529e-01,1.866068804538892678e+00
1.459999999999999909e-01,7.485164854711038318e-01,1.888131810527718057e+00
1.464999999999999913e-01,7.376498923734671198e-01,1.908949097369632142e+00
1.469999999999999918e-01,7.241370281022647681e-01,1.933656348788660662e+00
1.474999999999999922e-01,7.088191817488070923e-01,1.960535814175403013e+00
1.479999999999999927e-01,6.953961001358922589e-01,1.981497088465015599e+00
1.480000000000000204e-01,6.953961001358887062e-01,1.981497088465017820e+00
1.489999999999999936e-01,6.730319767387468177e-01,2.021625846447496322e+00
1.509999999999999953e-01,6.322356154322832378e-01,2.099443545799823063e+00
1.520000000000000240e-01,6.145483508682385576e-01,2.136994910400455971e+00
1.529999999999999971e-01,5.918608651287114997e-01,2.177743044980317677e+00
1.549999999999999989e-01,5.609102926339302186e-01,2.248141472256151019e+00
1.560000000000000275e-01,5.441930712335878439e-01,2.283298034944204247e+00
1.570000000000000007e-01,5.305014611893934529e-01,2.318629072382944578e+00
1.590000000000000024e-01,5.042285937395530881e-01,2.378902123450557404e+00
1.600000000000000311e-01,4.918944862698998444e-01,2.423668011752286411e+00
1.609999999999999765e-01,4.785685466416657596e-01,2.442516431603586113e+00
1.629999999999999782e-01,4.642918752739347288e-01,2.497185121499977178e+00
1.640000000000000346e-01,4.578968808695678683e-01,2.537051847653552628e+00
1.649999999999999800e-01,4.496595656781686712e-01,2.557059445009342458e+00
1.669999999999999818e-01,4.437069284058548502e-01,2.625482254391343861e+00
1.680000000000000382e-01,4.391604369759330995e-01,2.641365353215189504e+00
1.689999999999999836e-01,4.369766043496881580e-01,2.652215784207988314e+00
1.709999999999999853e-01,4.381894642005703111e-01,2.691739668998109902e+00
1.720000000000000417e-01,4.343456712794729335e-01,2.710122828914879989e+00
1.729999999999999871e-01,4.300122033753343564e-01,2.716993252342314591e+00
1.749999999999999889e-01,4.313271687633582485e-01,2.746338853105366518e+00
1.760000000000000453e-01,4.297594749904594114e-01,2.764538376416970422e+00
1.800000000000000211e-01,4.324077470977125692e-01,2.826896039959700513e+00
1.840000000000000246e-01,4.335129869282475790e-01,2.881173213083912721e+00
1.880000000000000282e-01,4.439722687605702767e-01,2.949285883612725367e+00
1.900000000000000022e-01,4.445643940979557840e-01,2.971251371976972866e+00
1.920000000000000040e-01,4.528816601441277290e-01,3.007379846905076093e+00
1.920000000000000318e-01,4.528816601441288947e-01,3.007379846905074317e+00
1.940000000000000058e-01,4.570915780695494202e-01,3.031758909060894958e+00
1.960000000000000075e-01,4.653582907262129864e-01,3.059730753523273616e+00
1.960000000000000353e-01,4.653582907262107105e-01,3.059730753523274505e+00
1.980000000000000093e-01,4.811158596824173239e-01,3.095065312689395665e+00
2.000000000000000111e-01,4.928353954228040790e-01,3.127490757517411790e+00
2.020000000000000129e-01,5.601955055763555569e-01,-3.070228734210021848e+00
2.040000000000000147e-01,5.771040029637588553e-01,-3.030300470437928606e+00
2.060000000000000164e-01,6.076526198338045859e-01,-2.985728303925235583e+00
2.080000000000000182e-01,6.303931695240743149e-01,-2.941591093216872288e+00
2.099999999999999922e-01,6.705424216017301653e-01,-2.886627915081714235e+00
2.119999999999999940e-01,6.946596194371166266e-01,-2.835997869417098194e+00
2.120000000000000218e-01,6.946596194371168487e-01,-2.835997869417098194e+00
2.139999999999999958e-01,7.381835425587899291e-01,-2.781278050737646446e+00
2.159999999999999976e-01,7.685094994284867864e-01,-2.719823758103955935e+00
2.160000000000000253e-01,7.685094994284847880e-01,-2.719823758103958156e+00
2.179999999999999993e-01,7.980258561019588637e-01,-2.666764953762640999e+00
2.200000000000000011e-01,8.332456435703340381e-01,-2.600433131726370917e+00
2.200000000000000289e-01,8.332456435703377018e-01,-2.600433131726371805e+00
2.220000000000000029e-01,8.566413973565182305e-01,-2.531729003016294666e+00
2.240000000000000047e-01,8.917109662299820272e-01,-2.471666884027637678e+00
2.240000000000000324e-01,8.917109662299784745e-01,-2.471666884027635902e+00
2.260000000000000064e-01,9.363699937859968347e-01,-2.397709365828930128e+00
2.280000000000000082e-01,9.685834842309295478e-01,-2.321047209305460157e+00
2.280000000000000360e-01,9.685834842309316572e-01,-2.321047209305459713e+00
2.300000000000000100e-01,9.796575388214348035e-01,-2.238455471235350380e+00
2.320000000000000118e-01,9.875397224674226093e-01,-2.161334207479362668e+00
2.320000000000000395e-01,9.875397224674212771e-01,-2.161334207479359559e+00
2.339999999999999858e-01,1.015811116450264340e+00,-2.098267765193572831e+00
2.359999999999999876e-01,1.025293914004504092e+00,-2.052933567741997756e+00
2.360000000000000431e-01,1.025293914004504536e+00,-2.052933567741997756e+00
2.379999999999999893e-01,1.005173562515969010e+00,-2.003874766681957187e+00
2.399999999999999911e-01,9.908783037377068004e-01,-1.962193589909654312e+00
2.400000000000000466e-01,9.908783037377101310e-01,-1.962193589909655200e+00
2.419999999999999929e-01,9.831643312308816496e-01,-1.921474594064458641e+00
2.439999999999999947e-01,9.916189992341311044e-01,-1.879578712411321018e+00
2.440000000000000502e-01,9.916189992341257753e-01,-1.879578712411319463e+00
2.459999999999999964e-01,9.722013108054518016e-01,-1.830704870784864102e+00
2.479999999999999982e-01,9.474650110167647243e-01,-1.783318520580017275e+00
2.480000000000000537e-01,9.474650110167636141e-01,-1.783318520580014610e+00
2.500000000000000000e-01,9.278156587690066237e-01,-1.743307372561845092e+00
2.520000000000000573e-01,9.170458679623357812e-01,-1.706946072833769090e+00
2.560000000000000608e-01,8.940333137309190992e-01,-1.627927164950323524e+00
2.600000000000000089e-01,8.430602106383544569e-01,-1.540218332671763557e+00
2.600000000000000644e-01,8.430602106383574545e-01,-1.540218332671765333e+00
2.640000000000000679e-01,7.956790645354319125e-01,-1.461573539335734084e+00
2.650000000000000133e-01,7.809488198648980584e-01,-1.445513874605382831e+00
2.680000000000000715e-01,7.222057529605431236e-01,-1.348812855671513100e+00
2.700000000000000178e-01,7.004136441099275689e-01,-1.314359059368120475e+00
2.720000000000000751e-01,6.814618291052058074e-01,-1.275881432310131292e+00
2.750000000000000222e-01,6.441638084517592455e-01,-1.222953714942230041e+00
2.760000000000000231e-01,6.263849524920035439e-01,-1.201520684307034736e+00
2.800000000000000266e-01,5.875704411042347308e-01,-1.141347343610822129e+00
2.840000000000000302e-01,5.611201622904428143e-01,-1.082830771787450352e+00
2.850000000000000311e-01,5.414828435604257528e-01,-1.053106946766390939e+00
2.880000000000000338e-01,5.083127519263489491e-01,-1.013495446975050118e+00
2.900000000000000355e-01,5.004144519411336534e-01,-1.019329041272308389e+00
2.920000000000000373e-01,4.836131487213678470e-01,-9.688040968862130509e-01
2.950000000000000400e-01,4.655852996298368018e-01,-9.555992646037559934e-01
2.960000000000000409e-01,4.599773089888154476e-01,-9.347480738742343087e-01
3.000000000000000444e-01,4.334479422151501504e-01,-8.835788993243407496e-01
3.040000000000000480e-01,4.222663495646575837e-01,-8.721546230346971518e-01
3.050000000000000488e-01,4.224274495914442373e-01,-8.680568740301010111e-01
3.080000000000000515e-01,4.220997316116744669e-01,-8.243787044294141886e-01
3.099999999999999978e-01,4.092297109835523194e-01,-7.847155741786533412e-01
3.120000000000000551e-01,3.916949914909074182e-01,-7.805929667599041943e-01
3.150000000000000022e-01,3.880248396347759643e-01,-8.027787875085810043e-01
3.160000000000000586e-01,3.906498580616166727e-01,-7.922364073947401053e-01
3.200000000000000067e-01,3.919198040615587963e-01,-7.769738690892907806e-01
3.200000000000000622e-01,3.919198040615585188e-01,-7.769738690892944444e-01
3.240000000000000657e-01,3.666842889854779464e-01,-7.312131256996892148e-01
3.250000000000000111e-01,3.635817204224999211e-01,-7.330227999514776771e-01
3.280000000000000693e-01,3.679229375380392297e-01,-7.403667560505945433e-01
3.300000000000000155e-01,3.685273394291299076e-01,-7.305373624719226910e-01
3.320000000000000728e-01,3.680133078339915542e-01,-6.996938689922577170e-01
3.350000000000000200e-01,3.604723968764385056e-01,-6.936457570621586965e-01
3.360000000000000764e-01,3.632064454943568776e-01,-6.736582319611293945e-01
3.400000000000000244e-01,3.653550232687977628e-01,-6.637963264231379057e-01
3.400000000000000799e-01,3.653550232687969856e-01,-6.637963264231345750e-01
3.440000000000000835e-01,3.544659269507539068e-01,-6.195383656766730862e-01
3.480000000000000870e-01,3.510299215076543855e-01,-6.306539076617673212e-01
3.520000000000000906e-01,3.538843591105839681e-01,-5.747168645771485451e-01
3.560000000000000941e-01,3.520224238997524679e-01,-5.574954529786189106e-01
3.600000000000000977e-01,3.457264971436816992e-01,-5.399078531796236424e-01
3.640000000000001013e-01,3.557032065120790953e-01,-5.068764927692441802e-01
3.680000000000001048e-01,3.402912838552302199e-01,-4.712050960820618473e-01
3.720000000000001084e-01,3.394663584303456716e-01,-5.222243343056113263e-01
3.760000000000001119e-01,3.624210820944819833e-01,-4.870565560321002962e-01
3.800000000000000600e-01,3.620274836819789011e-01,-4.467720940094656590e-01
3.840000000000000635e-01,3.682730889166281329e-01,-4.495033070741613068e-01
3.880000000000000671e-01,3.791850412423493077e-01,-3.880726814490584875e-01
3.920000000000000706e-01,3.675804047862114565e-01,-3.975524801820391474e-01
3.960000000000000742e-01,3.898061579471101545e-01,-3.868065236068944923e-01
4.000000000000000777e-01,3.831134698030513874e-01,-3.237271656917053986e-01
4.040000000000000813e-01,4.107979761557791210e-01,-3.847309880310174623e-01
4.080000000000000848e-01,4.960025485882536000e-01,-2.934706399583068004e-01
4.120000000000000884e-01,4.428200483644799124e-01,-1.697693339459062645e-01
4.160000000000000919e-01,3.732730222907886808e-01,-2.656963034969465620e-01
4.200000000000000955e-01,5.069010800315908449e-01,-3.187633403200604842e-01
4.240000000000000990e-01,6.801151228449293651e-01,-1.181874985689539692e-01
4.280000000000001026e-01,6.345619830918234339e-01,1.278119024338158771e-01
4.320000000000001061e-01,3.882416768486933734e-01,3.218521874059706578e-01
4.360000000000001097e-01,1.704785817747329901e-01,2.642584920516065639e-01
4.400000000000001132e-01,1.390111171864214512e-01,-2.841654268641287673e-01
4.440000000000001168e-01,3.048946006415196308e-01,-4.275913286639942967e-01
4.480000000000001203e-01,4.556969947391656395e-01,-2.569990933031752189e-01
4.520000000000001239e-01,4.416397264154586777e-01,-3.761005976595214323e-02
4.560000000000001275e-01,2.804350534279682061e-01,5.969943777726254702e-02
4.600000000000000200e-01,1.800059477832458288e-01,-2.677659144049410189e-01
4.600000000000001310e-01,1.800059477832442745e-01,-2.677659144049677753e-01
4.640000000000001346e-01,3.130720478173383281e-01,-5.147504486120368927e-01
4.650000000000000244e-01,3.675751024366838982e-01,-5.195671124040059929e-01
4.680000000000000826e-01,6.195290617602424721e-01,-3.999362151469361137e-01
4.700000000000000289e-01,7.164576585932025399e-01,-2.949142684950387672e-01
4.720000000000000862e-01,7.602359613548310691e-01,-2.040882764067886435e-01
4.750000000000000333e-01,7.594273566440264966e-01,-9.201302357598641068e-02
4.760000000000000897e-01,7.498118050160826886e-01,-6.139810456695792007e-02
4.799999999999999822e-01,6.854287833282316500e-01,-1.540835116558412175e-02
4.800000000000000933e-01,6.854287833282304288e-01,-1.540835116558242172e-02
4.840000000000000968e-01,6.971099941112467446e-01,5.679633701667989240e-03
4.849999999999999867e-01,7.122711761457947155e-01,1.538417809065242142e-02
4.880000000000001004e-01,7.601037187103668602e-01,8.516788407130840288e-02
4.899999999999999911e-01,7.509240649614891128e-01,1.155244994541526626e-01
4.920000000000001039e-01,7.344795146050234758e-01,1.267871132545311252e-01
4.949999999999999956e-01,7.911084665007623862e-01,1.512302816994884613e-01
4.960000000000001075e-01,8.131510383755409244e-01,1.597262585693569326e-01
5.000000000000000000e-01,1.001078637935030491e+00,2.437642299571344540e-01
5.000000000000001110e-01,1.001078637935039151e+00,2.437642299571419757e-01
5.040000000000001146e-01,1.190715167062134761e+00,4.615482260188945585e-01
5.050000000000000044e-01,1.199692921560272296e+00,5.316805687039529715e-01
5.080000000000001181e-01,1.038574883866703047e+00,7.645598096698431601e-01
5.100000000000000089e-01,7.996793604664741428e-01,9.332936935737959905e-01
5.120000000000001217e-01,5.509991455301779251e-01,1.104902388133576441e+00
5.150000000000000133e-01,2.134875499686934019e-01,1.346235807887429914e+00
5.160000000000001252e-01,1.236913968034296513e-01,1.409771619602412152e+00
5.200000000000000178e-01,1.558248100626285181e-02,-1.989726568472687807e-01
5.200000000000001288e-01,1.558248100626465418e-02,-1.989726568473095814e-01
5.240000000000001323e-01,2.149425510144087614e-01,-5.593265786389434169e-01
5.250000000000000222e-01,2.882530852495922002e-01,-4.923253550241233900e-01
5.280000000000001359e-01,4.764055711481636202e-01,-2.717598870910231112e-01
5.300000000000000266e-01,5.413489817402431514e-01,-1.291889523086012237e-01
5.320000000000001394e-01,5.463301638868613974e-01,-2.949146390620916228e-02
5.349999999999999201e-01,4.594993573191876735e-01,-1.158717984113866520e-02
5.360000000000001430e-01,4.694469877612343356e-01,-1.381384443268540360e-02
5.400000000000000355e-01,5.552236017121466860e-01,-2.414265248158585855e-02
5.400000000000001465e-01,5.552236017121494616e-01,-2.414265248158232666e-02
5.440000000000001501e-01,7.134268595699251314e-01,7.661051634659479803e-02
5.449999999999999289e-01,7.285388743786251897e-01,1.042515364234142122e-01
5.480000000000001537e-01,7.194550926313225681e-01,1.733109689854898106e-01
5.499999999999999334e-01,7.186092771757424114e-01,2.223406795559695892e-01
5.520000000000000462e-01,6.831591429463456100e-01,2.445167224929035155e-01
5.549999999999999378e-01,6.548870564931194016e-01,2.225234972237494224e-01
5.560000000000000497e-01,6.828045596299922027e-01,2.251082105733878957e-01
5.599999999999999423e-01,8.069756927363970211e-01,2.701448224134906373e-01
5.600000000000000533e-01,8.069756927363950227e-01,2.701448224134954668e-01
5.640000000000000568e-01,8.961274235309891756e-01,3.828668886553607820e-01
5.649999999999999467e-01,8.887591272178564372e-01,4.153432158384491313e-01
5.680000000000000604e-01,8.358942970270276662e-01,5.042031004807888683e-01
5.699999999999999512e-01,7.664120368508176018e-01,5.474292397172944025e-01
5.720000000000000639e-01,6.897548669778866826e-01,5.758166041893956200e-01
5.749999999999999556e-01,5.467478862770335235e-01,5.641344059353863294e-01
5.760000000000000675e-01,5.072088715972431494e-01,5.402261428054985215e-01
5.799999999999999600e-01,4.647390194005457387e-01,3.744460626029660344e-01
5.800000000000000711e-01,4.647390194005517894e-01,3.744460626029674777e-01
5.840000000000000746e-01,6.022916451778796976e-01,2.525126909514685547e-01
5.880000000000000782e-01,8.088651095468635255e-01,2.581022424075284372e-01
5.920000000000000817e-01,9.786449998913673287e-01,3.445172091056538100e-01
5.960000000000000853e-01,1.048032702009267236e+00,4.487884344847792861e-01
6.000000000000000888e-01,1.032262662057729985e+00,5.973890943048045798e-01
6.040000000000000924e-01,9.851178565237360685e-01,6.396916530193056394e-01
6.080000000000000959e-01,9.663818820484832983e-01,6.562756284135308205e-01
6.120000000000000995e-01,1.031377877610855531e+00,6.980140226408230175e-01
6.160000000000001030e-01,1.037727865252830117e+00,7.560155572043806282e-01
6.200000000000001066e-01,1.021677178566554822e+00,8.103544860970867125e-01
6.240000000000001101e-01,9.994290834496848408e-01,8.632704024079187466e-01
6.280000000000001137e-01,9.393544552067025766e-01,9.030794761828608852e-01
6.320000000000001172e-01,9.354231872193181641e-01,9.357283289301583373e-01
6.360000000000001208e-01,9.450936825834891364e-01,9.742679411304091541e-01
6.400000000000001243e-01,9.385637601466806368e-01,1.016159708286992203e+00
6.440000000000001279e-01,9.235807418024121196e-01,1.055527398619571233e+00
6.480000000000001315e-01,8.982586676346918653e-01,1.092489683611960416e+00
6.520000000000001350e-01,8.875393856716790042e-01,1.127243485501807196e+00
6.560000000000001386e-01,8.808797244679646976e-01,1.170042454384980557e+00
6.600000000000001421e-01,8.475023950576884291e-01,1.218321626007478065e+00
6.640000000000001457e-01,7.895596395160184855e-01,1.266956453920523584e+00
6.680000000000001492e-01,6.298901674211918600e-01,1.293135236421507628e+00
6.720000000000001528e-01,6.680705175827678088e-01,1.305189588481713070e+00
6.760000000000001563e-01,6.931407148043917665e-01,1.361930755213301314e+00
6.800000000000000488e-01,6.784070970624024310e-01,1.437120564744849283e+00
