# meep=1.28.0 res=30.0 cols=wavelength_um,R,T
3.333333333333333037e+00,1.130120521193519051e-01,8.940799104522483276e-01
3.237704918032786594e+00,3.155096568677108748e-01,5.884254329272929906e-01
3.147410358565736921e+00,5.606177149262402404e-01,5.004798152423556301e-01
3.062015503875968658e+00,5.523013436191800407e-01,4.846377091263647241e-01
2.981132075471697895e+00,4.489397552148497450e-01,4.958552731727924323e-01
2.904411764705881804e+00,3.349771977604831252e-01,6.635546749931280353e-01
2.831541218637992241e+00,7.121709909799001093e-02,9.563337767981699988e-01
2.762237762237762073e+00,6.570543521304302026e-02,9.485095680540470697e-01
2.696245733788395604e+00,3.801696242862037112e-01,6.237676025827271209e-01
2.633333333333333304e+00,5.551341260436642999e-01,4.289530568819664991e-01
2.573289902280130104e+00,6.300131309568145488e-01,3.706748909947171211e-01
2.515923566878980999e+00,6.145891920696922028e-01,3.981654922648065198e-01
2.461059190031152255e+00,3.961314788115889995e-01,5.943539076321979753e-01
2.408536585365853799e+00,1.398878276175808538e-02,9.884773060457826555e-01
2.358208955223880299e+00,3.413831901720599249e-01,6.699263804817204848e-01
2.309941520467836185e+00,6.840785990057773880e-01,3.002546530108572420e-01
2.263610315186246336e+00,8.053835980896599800e-01,1.951576932662772990e-01
2.219101123595505598e+00,7.694024861186172792e-01,2.567747100650039083e-01
2.176308539944903586e+00,8.994161143984756579e-02,8.979780946348314696e-01
2.135135135135135087e+00,8.703610709631196540e-01,1.114313893235129305e-01
2.095490716180371304e+00,9.788033059468967956e-01,1.693393073547068417e-02
2.057291666666666519e+00,1.001210572147746003e+00,4.062353991281788743e-03
2.020460358056265893e+00,9.968518359561443498e-01,1.228759892156691463e-03
1.984924623115577713e+00,9.987491539047188560e-01,6.613439892092903274e-04
1.950617283950617065e+00,1.000948312575300925e+00,2.900452579362984107e-04
1.917475728155339842e+00,9.991383876090541571e-01,1.286582627913376278e-04
1.885441527446301002e+00,9.999684828663366609e-01,1.033170653250865947e-04
1.854460093896713735e+00,1.000243169024356948e+00,5.515269071988342613e-05
1.824480369515011358e+00,9.996619981016936496e-01,2.954885342276778701e-05
1.795454545454545192e+00,1.000170879410881675e+00,3.040437532285605540e-05
1.767337807606264022e+00,9.999342050775728019e-01,1.774103929558575884e-05
1.740088105726872447e+00,9.998960049029590458e-01,1.106965000810082148e-05
1.713665943600867658e+00,1.000184316597477086e+00,1.354983576448379217e-05
1.688034188034187810e+00,9.997867815771688260e-01,8.243875921579567226e-06
1.663157894736842168e+00,1.000049342566483146e+00,6.005990306359230016e-06
1.639004149377593533e+00,1.000145549154300539e+00,8.293661436896151726e-06
1.615541922290388621e+00,9.997127010943475112e-01,5.153242924486446276e-06
1.592741935483870996e+00,1.000180278726070959e+00,4.452335067727433552e-06
1.570576540755467043e+00,1.000078596479029747e+00,6.638211627878116688e-06
1.549019607843137303e+00,9.996720991539095325e-01,4.198750905119701460e-06
1.528046421663443066e+00,1.000311991715001625e+00,4.367093204909171701e-06
1.507633587786259666e+00,9.999818936902534761e-01,6.804322044885800945e-06
1.487758945386064013e+00,9.996476300032779427e-01,4.444644856837305469e-06
1.468401486988847759e+00,1.000457921900865355e+00,5.625646052675104481e-06
1.449541284403669694e+00,9.998339332009883451e-01,8.952458637652978580e-06
1.431159420289855211e+00,9.996296648352933634e-01,6.236059482903034191e-06
1.413237924865831774e+00,1.000647863968365803e+00,9.598225635732911975e-06
1.395759717314487558e+00,9.996009282941075158e-01,1.547653004343733899e-05
1.378708551483420530e+00,9.996230847184994772e-01,1.213645082287617542e-05
1.362068965517241548e+00,1.000951138909019100e+00,2.252056258212512964e-05
1.345826235093696921e+00,9.991682059179888276e-01,3.731994790754678703e-05
1.329966329966330019e+00,9.996450686138905750e-01,3.561027803171304233e-05
1.314475873544093343e+00,1.001495384035433700e+00,7.890896306908637718e-05
1.299342105263157965e+00,9.981713549044585188e-01,1.417863913772243853e-04
1.284552845528455389e+00,9.996954138255824684e-01,1.834887503219098171e-04
1.270096463022508004e+00,1.002551661725878063e+00,5.028574217500012423e-04
1.255961844197138300e+00,9.945371119135346660e-01,1.141998415023795467e-03
1.242138364779874271e+00,9.981120587288327961e-01,2.509563319561641283e-03
1.228615863141524045e+00,9.985268858821108040e-01,1.155965160890502254e-02
1.215384615384615508e+00,9.049895690834314221e-01,7.316194975192813477e-02
1.202435312024353165e+00,3.449013284686544643e-03,9.218910271808095080e-01
1.189759036144578452e+00,7.252623453936180020e-01,2.668528273808513096e-01
1.177347242921013448e+00,8.354976787505236091e-01,1.838736744352727215e-01
1.165191740412979460e+00,7.430735242526053108e-01,2.481460699314516349e-01
1.153284671532846861e+00,4.292397799046878126e-01,5.657037520973645650e-01
1.141618497109826658e+00,2.834722102128698750e-03,1.009117753106774762e+00
1.130185979971387811e+00,3.712677704131127632e-01,6.211785526463633467e-01
1.118980169971671490e+00,6.111059025119418564e-01,3.836138026034404125e-01
1.107994389901823418e+00,6.672624000370640518e-01,3.460549734601194305e-01
1.097222222222222321e+00,5.899933364075951037e-01,4.057123622951964159e-01
1.086657496561210579e+00,4.059426799559373022e-01,5.814058283596523768e-01
1.076294277929155330e+00,1.172241144124149537e-01,8.862145384078645716e-01
1.066126855600539880e+00,9.627849786910737395e-02,9.133192365563544968e-01
1.056149732620320858e+00,3.623703888900851044e-01,6.482747126362325973e-01
1.046357615894039750e+00,5.139550053978225730e-01,4.782484447122746785e-01
1.036745406824147064e+00,5.265805977022230966e-01,4.613063816095229197e-01
1.027308192457737412e+00,5.042850567173552401e-01,5.164160187157634807e-01
1.018041237113402220e+00,3.541473926124509841e-01,6.401193507409722594e-01
1.008939974457215838e+00,8.205824007031363443e-02,9.052428114119211999e-01
1.000000000000000000e+00,2.071298257071248899e-02,1.029650737228042123e+00
