# cols=lam_nm,Cabs_um (analytic 2D-Mie, same Au fit)
4.400000000000000000e+02,9.743076328881254689e-02
4.410000000000000000e+02,9.757497273776333246e-02
4.420000000000000000e+02,9.772315669484520073e-02
4.430000000000000000e+02,9.787495105280362429e-02
4.440000000000000000e+02,9.802996532969651677e-02
4.450000000000000000e+02,9.818778131644766149e-02
4.460000000000000000e+02,9.834795179593028291e-02
4.470000000000000000e+02,9.850999935322808654e-02
4.480000000000000000e+02,9.867341529659688637e-02
4.490000000000000000e+02,9.883765870840698076e-02
4.500000000000000000e+02,9.900215564502715115e-02
4.510000000000000000e+02,9.916629850417918446e-02
4.520000000000000000e+02,9.932944557778466965e-02
4.530000000000000000e+02,9.949092080771373969e-02
4.540000000000000000e+02,9.965001376113243048e-02
4.550000000000000000e+02,9.980597984132102973e-02
4.560000000000000000e+02,9.995804074888785251e-02
4.570000000000000000e+02,1.001053852072116834e-01
4.580000000000000000e+02,1.002471699646989983e-01
4.590000000000000000e+02,1.003825210850194799e-01
4.600000000000000000e+02,1.005105355348647617e-01
4.610000000000000000e+02,1.006302830769453538e-01
4.620000000000000000e+02,1.007408084738810050e-01
4.630000000000000000e+02,1.008411340063367773e-01
4.639999999999999432e+02,1.009302623062050264e-01
4.649999999999999432e+02,1.010071795028248121e-01
4.659999999999999432e+02,1.010708586771638939e-01
4.669999999999999432e+02,1.011202636155935641e-01
4.680000000000000000e+02,1.011543528513446089e-01
4.690000000000000000e+02,1.011720839780202996e-01
4.700000000000000000e+02,1.011724182156519547e-01
4.710000000000000000e+02,1.011543252057883618e-01
4.720000000000000000e+02,1.011167880080717368e-01
4.730000000000000000e+02,1.010588082667122078e-01
4.740000000000000000e+02,1.009794115113361868e-01
4.750000000000000000e+02,1.008776525529200135e-01
4.760000000000000000e+02,1.007526209320105948e-01
4.770000000000000000e+02,1.006034463732909945e-01
4.780000000000000000e+02,1.004293041978459033e-01
4.790000000000000000e+02,1.002294206423230555e-01
4.800000000000000000e+02,1.000030780326496282e-01
4.810000000000000000e+02,9.974961975913310130e-02
4.820000000000000000e+02,9.946845499971479487e-02
4.830000000000000000e+02,9.915906313890140988e-02
4.840000000000000000e+02,9.882099783152559214e-02
4.850000000000000000e+02,9.845389066296668379e-02
4.860000000000000000e+02,9.805745436082888289e-02
4.870000000000000000e+02,9.763148551726233415e-02
4.880000000000000000e+02,9.717586678609785311e-02
4.890000000000000000e+02,9.669056852466362262e-02
4.900000000000000000e+02,9.617564985646602504e-02
4.910000000000000000e+02,9.563125913774980780e-02
4.920000000000000000e+02,9.505763381815372781e-02
4.930000000000000000e+02,9.445509969313241327e-02
4.940000000000000000e+02,9.382406955336015930e-02
4.950000000000000000e+02,9.316504124381180807e-02
4.960000000000000000e+02,9.247859515250729523e-02
4.970000000000000000e+02,9.176539115582646455e-02
4.980000000000000000e+02,9.102616505374871991e-02
4.990000000000000000e+02,9.026172453420643060e-02
5.000000000000000000e+02,8.947294471086637835e-02
5.010000000000000000e+02,8.866076328298076736e-02
5.020000000000000000e+02,8.782617536942184666e-02
5.030000000000000000e+02,8.697022807157635260e-02
5.040000000000000000e+02,8.609401482143194673e-02
5.050000000000000000e+02,8.519866957191790657e-02
5.060000000000000000e+02,8.428536088640728452e-02
5.070000000000000000e+02,8.335528598328306726e-02
5.080000000000000000e+02,8.240966478968463071e-02
5.090000000000000000e+02,8.144973405604485905e-02
5.100000000000000000e+02,8.047674157990725163e-02
5.110000000000000000e+02,7.949194058384775885e-02
5.120000000000000000e+02,7.849658428824245193e-02
5.130000000000000000e+02,7.749192071519271641e-02
5.140000000000000000e+02,7.647918775527272339e-02
5.150000000000000000e+02,7.545960852397563812e-02
5.160000000000000000e+02,7.443438702990540223e-02
5.170000000000000000e+02,7.340470417198574626e-02
5.180000000000000000e+02,7.237171407828894842e-02
5.190000000000000000e+02,7.133654079461937414e-02
5.200000000000000000e+02,7.030027532675943436e-02
5.210000000000000000e+02,6.926397303634997116e-02
5.220000000000000000e+02,6.822865138677623731e-02
5.230000000000000000e+02,6.719528803217907076e-02
5.240000000000000000e+02,6.616481923983887070e-02
5.250000000000000000e+02,6.513813863368324297e-02
5.260000000000000000e+02,6.411609624455721912e-02
5.270000000000000000e+02,6.309949785115794019e-02
5.280000000000000000e+02,6.208910459415503680e-02
5.290000000000000000e+02,6.108563284498647744e-02
5.300000000000000000e+02,6.008975431010690760e-02
5.310000000000000000e+02,5.910209635104736459e-02
5.320000000000000000e+02,5.812324250050229790e-02
5.330000000000000000e+02,5.715373315474880922e-02
5.340000000000000000e+02,5.619406642301479765e-02
5.350000000000000000e+02,5.524469911489467144e-02
5.360000000000000000e+02,5.430604784756441067e-02
5.369999999999998863e+02,5.337849025530845559e-02
5.380000000000000000e+02,5.246236628475492436e-02
5.389999999999998863e+02,5.155797956016085204e-02
5.400000000000000000e+02,5.066559880409920308e-02
5.409999999999998863e+02,4.978545929994823704e-02
5.420000000000000000e+02,4.891776438363750618e-02
5.429999999999998863e+02,4.806268695318656470e-02
5.440000000000000000e+02,4.722037098561184670e-02
5.449999999999998863e+02,4.639093305182871024e-02
5.460000000000000000e+02,4.557446382116293881e-02
5.469999999999998863e+02,4.477102954806683882e-02
5.480000000000000000e+02,4.398067353453846695e-02
5.489999999999998863e+02,4.320341756262658511e-02
5.499999999999998863e+02,4.243926329220709670e-02
5.509999999999998863e+02,4.168819361999004380e-02
5.519999999999998863e+02,4.095017399641286832e-02
5.529999999999998863e+02,4.022515369772826366e-02
5.539999999999998863e+02,3.951306705118842050e-02
5.549999999999998863e+02,3.881383461176309696e-02
5.559999999999998863e+02,3.812736428932012034e-02
5.569999999999998863e+02,3.745355242562578568e-02
5.579999999999998863e+02,3.679228482091481678e-02
5.589999999999998863e+02,3.614343771011896411e-02
5.599999999999998863e+02,3.550687868914133988e-02
5.610000000000000000e+02,3.488246759182574847e-02
5.620000000000000000e+02,3.427005731848743741e-02
5.630000000000000000e+02,3.366949461706606611e-02
5.640000000000000000e+02,3.308062081811346394e-02
5.650000000000000000e+02,3.250327252496048452e-02
5.660000000000000000e+02,3.193728226051045782e-02
5.670000000000000000e+02,3.138247907218556093e-02
5.680000000000000000e+02,3.083868909661361540e-02
5.690000000000000000e+02,3.030573608568410543e-02
5.700000000000000000e+02,2.978344189562506794e-02
5.710000000000000000e+02,2.927162694076809041e-02
5.720000000000000000e+02,2.877011061366182426e-02
5.730000000000000000e+02,2.827871167318720194e-02
5.740000000000000000e+02,2.779724860230301658e-02
5.750000000000000000e+02,2.732553993702394046e-02
5.760000000000000000e+02,2.686340456819605316e-02
5.770000000000000000e+02,2.641066201759538490e-02
5.780000000000000000e+02,2.596713268982964867e-02
5.790000000000000000e+02,2.553263810147477983e-02
5.800000000000000000e+02,2.510700108882734510e-02
5.810000000000000000e+02,2.469004599560137986e-02
5.820000000000000000e+02,2.428159884184313139e-02
5.830000000000000000e+02,2.388148747528369073e-02
5.840000000000000000e+02,2.348954170629422369e-02
5.850000000000000000e+02,2.310559342755296244e-02
5.860000000000000000e+02,2.272947671948067142e-02
5.870000000000000000e+02,2.236102794244608158e-02
5.880000000000000000e+02,2.200008581669191804e-02
5.890000000000000000e+02,2.164649149087974345e-02
5.900000000000000000e+02,2.130008860010459970e-02
5.910000000000000000e+02,2.096072331417871484e-02
5.920000000000000000e+02,2.062824437694137092e-02
5.930000000000000000e+02,2.030250313730365408e-02
5.940000000000000000e+02,1.998335357269664242e-02
5.950000000000000000e+02,1.967065230554898916e-02
5.960000000000000000e+02,1.936425861338061938e-02
5.970000000000000000e+02,1.906403443306278409e-02
5.980000000000000000e+02,1.876984435975813381e-02
5.990000000000000000e+02,1.848155564102082343e-02
6.000000000000000000e+02,1.819903816650434575e-02
6.010000000000000000e+02,1.792216445369473193e-02
6.020000000000000000e+02,1.765080963005770734e-02
6.030000000000000000e+02,1.738485141196056613e-02
6.040000000000000000e+02,1.712417008070484317e-02
6.050000000000000000e+02,1.686864845598101681e-02
6.060000000000000000e+02,1.661817186703355709e-02
6.070000000000000000e+02,1.637262812180383456e-02
6.080000000000000000e+02,1.613190747429758126e-02
6.090000000000000000e+02,1.589590259040500608e-02
6.100000000000000000e+02,1.566450851238442368e-02
6.110000000000000000e+02,1.543762262220245776e-02
6.120000000000000000e+02,1.521514460391015268e-02
6.130000000000000000e+02,1.499697640521788743e-02
6.140000000000000000e+02,1.478302219842026616e-02
6.150000000000000000e+02,1.457318834080819671e-02
6.160000000000000000e+02,1.436738333469435649e-02
6.170000000000000000e+02,1.416551778716705103e-02
6.180000000000000000e+02,1.396750436967732559e-02
6.190000000000000000e+02,1.377325777755449704e-02
6.200000000000000000e+02,1.358269468953718362e-02
6.210000000000000000e+02,1.339573372739756227e-02
6.220000000000000000e+02,1.321229541573015059e-02
6.230000000000000000e+02,1.303230214196903457e-02
6.240000000000000000e+02,1.285567811669010088e-02
6.250000000000000000e+02,1.268234933425070252e-02
6.260000000000000000e+02,1.251224353381142143e-02
6.270000000000000000e+02,1.234529016078134665e-02
6.280000000000000000e+02,1.218142032872233070e-02
6.290000000000000000e+02,1.202056678174381193e-02
6.300000000000000000e+02,1.186266385741596534e-02
6.310000000000000000e+02,1.170764745022466122e-02
6.319999999999998863e+02,1.155545497558888371e-02
6.330000000000000000e+02,1.140602533445790774e-02
6.339999999999998863e+02,1.125929887850284777e-02
6.350000000000000000e+02,1.111521737591386963e-02
6.359999999999998863e+02,1.097372397781355875e-02
6.370000000000000000e+02,1.083476318529248521e-02
6.379999999999998863e+02,1.069828081707364931e-02
6.390000000000000000e+02,1.056422397780810117e-02
6.399999999999998863e+02,1.043254102700449937e-02
6.410000000000000000e+02,1.030318154859235363e-02
6.419999999999998863e+02,1.017609632111876258e-02
6.430000000000000000e+02,1.005123728857543024e-02
6.439999999999998863e+02,9.928557531854023677e-03
6.450000000000000000e+02,9.808011240824294694e-03
6.459999999999998863e+02,9.689553687031077917e-03
6.470000000000000000e+02,9.573141197003276828e-03
6.479999999999998863e+02,9.458731126169231049e-03
6.490000000000000000e+02,9.346281833370313416e-03
6.499999999999998863e+02,9.235752655965979302e-03
6.510000000000000000e+02,9.127103885521244131e-03
6.519999999999998863e+02,9.020296744068892134e-03
6.530000000000000000e+02,8.915293360936552697e-03
6.539999999999998863e+02,8.812056750130340191e-03
6.550000000000000000e+02,8.710550788264685360e-03
6.559999999999998863e+02,8.610740193029734965e-03
6.570000000000000000e+02,8.512590502185293784e-03
6.579999999999998863e+02,8.416068053072654417e-03
6.589999999999998863e+02,8.321139962632922993e-03
6.599999999999998863e+02,8.227774107923028352e-03
6.609999999999998863e+02,8.135939107118236174e-03
6.619999999999998863e+02,8.045604300991769306e-03
6.629999999999998863e+02,7.956739734860876143e-03
6.639999999999998863e+02,7.869316140989556299e-03
6.649999999999998863e+02,7.783304921437758130e-03
6.659999999999998863e+02,7.698678131347207014e-03
6.669999999999998863e+02,7.615408462653767453e-03
6.679999999999998863e+02,7.533469228216667889e-03
6.689999999999998863e+02,7.452834346354883337e-03
6.699999999999998863e+02,7.373478325781120113e-03
6.709999999999998863e+02,7.295376250923840851e-03
6.719999999999998863e+02,7.218503767628028228e-03
6.729999999999998863e+02,7.142837069225752705e-03
6.739999999999998863e+02,7.068352882967106517e-03
6.749999999999998863e+02,6.995028456802944786e-03
6.759999999999998863e+02,6.922841546510497338e-03
6.769999999999998863e+02,6.851770403153498515e-03
6.779999999999998863e+02,6.781793760868100665e-03
6.789999999999998863e+02,6.712890824966701725e-03
6.799999999999998863e+02,6.645041260351267423e-03
6.809999999999998863e+02,6.578225180228409498e-03
6.819999999999998863e+02,6.512423135118448371e-03
6.829999999999998863e+02,6.447616102150791062e-03
6.839999999999998863e+02,6.383785474638276926e-03
6.849999999999998863e+02,6.320913051923148125e-03
6.860000000000000000e+02,6.258981029487634823e-03
6.870000000000000000e+02,6.197971989322225740e-03
6.880000000000000000e+02,6.137868890544642686e-03
6.890000000000000000e+02,6.078655060263199461e-03
6.900000000000000000e+02,6.020314184677864715e-03
6.910000000000000000e+02,5.962830300412850539e-03
6.920000000000000000e+02,5.906187786074470515e-03
6.930000000000000000e+02,5.850371354028394318e-03
6.940000000000000000e+02,5.795366042390299316e-03
6.950000000000000000e+02,5.741157207224348129e-03
6.960000000000000000e+02,5.687730514943842124e-03
6.970000000000000000e+02,5.635071934908716593e-03
6.980000000000000000e+02,5.583167732214467868e-03
6.990000000000000000e+02,5.532004460667504231e-03
7.000000000000000000e+02,5.481568955941810983e-03
7.010000000000000000e+02,5.431848328912171342e-03
7.020000000000000000e+02,5.382829959158956686e-03
7.030000000000000000e+02,5.334501488640157156e-03
7.040000000000000000e+02,5.286850815525965391e-03
7.050000000000000000e+02,5.239866088191451679e-03
7.060000000000000000e+02,5.193535699363379700e-03
7.070000000000000000e+02,5.147848280416578853e-03
7.080000000000000000e+02,5.102792695816278819e-03
7.090000000000000000e+02,5.058358037702009695e-03
7.100000000000000000e+02,5.014533620609737050e-03
7.110000000000000000e+02,4.971308976328070277e-03
7.120000000000000000e+02,4.928673848885177164e-03
7.130000000000000000e+02,4.886618189662808587e-03
7.140000000000000000e+02,4.845132152634022867e-03
7.150000000000000000e+02,4.804206089721234016e-03
7.160000000000000000e+02,4.763830546271419740e-03
7.170000000000000000e+02,4.723996256645273881e-03
7.180000000000000000e+02,4.684694139917226774e-03
7.190000000000000000e+02,4.645915295683450408e-03
7.200000000000000000e+02,4.607650999974836035e-03
