# meep=1.28.0 res=30.0 cols=t,Ez1,Ez2 dt=4.004 c_err=0.0011 echo=0.0000
5.000000000000000278e-02,0.000000000000000000e+00,0.000000000000000000e+00
1.000000000000000056e-01,0.000000000000000000e+00,0.000000000000000000e+00
1.500000000000000222e-01,0.000000000000000000e+00,0.000000000000000000e+00
2.000000000000000111e-01,0.000000000000000000e+00,0.000000000000000000e+00
2.500000000000000000e-01,0.000000000000000000e+00,0.000000000000000000e+00
3.000000000000000444e-01,0.000000000000000000e+00,0.000000000000000000e+00
3.500000000000000333e-01,0.000000000000000000e+00,0.000000000000000000e+00
4.000000000000000222e-01,0.000000000000000000e+00,0.000000000000000000e+00
4.500000000000000111e-01,0.000000000000000000e+00,0.000000000000000000e+00
5.000000000000000000e-01,0.000000000000000000e+00,0.000000000000000000e+00
5.500000000000000444e-01,0.000000000000000000e+00,0.000000000000000000e+00
6.000000000000000888e-01,0.000000000000000000e+00,0.000000000000000000e+00
6.500000000000000222e-01,0.000000000000000000e+00,0.000000000000000000e+00
7.000000000000000666e-01,0.000000000000000000e+00,0.000000000000000000e+00
7.500000000000000000e-01,0.000000000000000000e+00,0.000000000000000000e+00
8.000000000000000444e-01,0.000000000000000000e+00,0.000000000000000000e+00
8.500000000000000888e-01,0.000000000000000000e+00,0.000000000000000000e+00
9.000000000000000222e-01,0.000000000000000000e+00,0.000000000000000000e+00
9.500000000000000666e-01,0.000000000000000000e+00,0.000000000000000000e+00
1.000000000000000000e+00,0.000000000000000000e+00,0.000000000000000000e+00
1.050000000000000044e+00,3.537827633069849241e-39,0.000000000000000000e+00
1.100000000000000089e+00,4.614349113073566541e-35,0.000000000000000000e+00
1.150000000000000133e+00,1.097039610170576245e-31,0.000000000000000000e+00
1.200000000000000178e+00,9.008021728986046559e-29,0.000000000000000000e+00
1.250000000000000000e+00,3.401247798296844269e-26,0.000000000000000000e+00
1.300000000000000044e+00,6.950837682822921316e-24,0.000000000000000000e+00
1.350000000000000089e+00,8.537912372417374160e-22,0.000000000000000000e+00
1.400000000000000133e+00,6.777917471456721306e-20,0.000000000000000000e+00
1.450000000000000178e+00,3.665713754703571882e-18,0.000000000000000000e+00
1.500000000000000000e+00,1.405065772113587178e-16,0.000000000000000000e+00
1.550000000000000044e+00,3.933932867408160305e-15,0.000000000000000000e+00
1.600000000000000089e+00,8.234935565920716627e-14,0.000000000000000000e+00
1.650000000000000133e+00,1.312064320916351526e-12,0.000000000000000000e+00
1.700000000000000178e+00,1.612597764462784943e-11,0.000000000000000000e+00
1.750000000000000000e+00,1.543384557134427357e-10,0.000000000000000000e+00
1.800000000000000044e+00,1.156828197256242601e-09,0.000000000000000000e+00
1.850000000000000089e+00,6.802520892083521791e-09,0.000000000000000000e+00
1.900000000000000133e+00,3.129165103671030650e-08,0.000000000000000000e+00
1.950000000000000178e+00,1.115836760853595379e-07,0.000000000000000000e+00
2.000000000000000000e+00,3.027009820739121407e-07,0.000000000000000000e+00
2.050000000000000266e+00,6.017455934637591147e-07,0.000000000000000000e+00
2.100000000000000089e+00,8.051333469250762056e-07,0.000000000000000000e+00
2.149999999999999911e+00,5.368378809577315449e-07,0.000000000000000000e+00
2.200000000000000178e+00,-2.976869919465626582e-07,0.000000000000000000e+00
2.250000000000000000e+00,-1.162614566026048380e-06,0.000000000000000000e+00
2.300000000000000266e+00,-1.619111091474316836e-06,0.000000000000000000e+00
2.350000000000000089e+00,-2.189590916031284575e-06,0.000000000000000000e+00
2.400000000000000355e+00,-3.312709683994812387e-06,0.000000000000000000e+00
2.450000000000000178e+00,-4.294170010179044720e-06,0.000000000000000000e+00
2.500000000000000000e+00,-4.961585881688242210e-06,0.000000000000000000e+00
2.550000000000000266e+00,-6.050638953890148925e-06,0.000000000000000000e+00
2.600000000000000089e+00,-7.098058006131181038e-06,0.000000000000000000e+00
2.650000000000000355e+00,-7.689390024243357479e-06,0.000000000000000000e+00
2.700000000000000178e+00,-8.550563789465204646e-06,0.000000000000000000e+00
2.750000000000000000e+00,-9.168258784166802332e-06,0.000000000000000000e+00
2.800000000000000266e+00,-9.273384069119209442e-06,0.000000000000000000e+00
2.850000000000000089e+00,-9.504280610887146276e-06,0.000000000000000000e+00
2.900000000000000355e+00,-9.119873740871074023e-06,0.000000000000000000e+00
2.950000000000000178e+00,-8.308036701351998891e-06,0.000000000000000000e+00
3.000000000000000000e+00,-7.325106526098605358e-06,0.000000000000000000e+00
3.050000000000000266e+00,-5.453986860749420005e-06,1.761402627723614287e-110
3.100000000000000089e+00,-3.348223249762896245e-06,5.918994379295915895e-105
3.150000000000000355e+00,-5.872533097292686930e-07,3.579716082373834578e-100
3.200000000000000178e+00,2.875786843563693949e-06,7.402920304746372583e-96
3.250000000000000000e+00,6.584263716969395213e-06,6.989391596061103626e-92
3.300000000000000266e+00,1.116326890422741498e-05,3.556443296597529486e-88
3.350000000000000089e+00,1.589392776353805100e-05,1.086404539918978118e-84
3.400000000000000355e+00,2.112592474199178103e-05,2.149288584018627469e-81
3.450000000000000178e+00,2.661801530341994376e-05,2.912922569540868194e-78
3.500000000000000000e+00,3.198893661724223257e-05,2.824209086706617083e-75
3.550000000000000266e+00,3.754284036213385791e-05,2.027317681569486922e-72
3.600000000000000089e+00,4.243015947244793419e-05,1.107970887206677684e-69
3.650000000000000355e+00,4.702764900987157695e-05,4.717965543551898180e-67
3.700000000000000178e+00,5.057751755008825593e-05,1.596034462701110418e-64
3.750000000000000000e+00,5.305491022697321848e-05,4.360958056043116432e-62
3.800000000000000266e+00,5.415933890574093528e-05,9.762645714231254588e-60
3.850000000000000089e+00,5.334349443426393805e-05,1.812944207986448361e-57
3.900000000000000355e+00,5.076284141781947239e-05,2.823274465213613553e-55
3.950000000000000178e+00,4.558389683821239147e-05,3.722548674883453305e-53
4.000000000000000000e+00,3.817440799365608931e-05,4.191283894268455745e-51
4.049999999999999822e+00,2.780459158479958693e-05,4.060482158620365703e-49
4.100000000000000533e+00,1.479096520086391125e-05,3.407973948390312101e-47
4.150000000000000355e+00,-1.162660150323305248e-06,2.493291420595917989e-45
4.200000000000000178e+00,-1.991598116369835489e-05,1.598899956039004463e-43
4.250000000000000000e+00,-4.117619532504228011e-05,9.032936955530628984e-42
4.299999999999999822e+00,-6.492662672524832600e-05,4.516320834662562449e-40
4.350000000000000533e+00,-9.031079303500191900e-05,2.006781221238946313e-38
4.400000000000000355e+00,-1.172606714781568082e-04,7.954761983840253073e-37
4.450000000000000178e+00,-1.445039692352316062e-04,2.822770972677986473e-35
4.500000000000000000e+00,-1.717191839693078326e-04,8.995494376825566060e-34
4.549999999999999822e+00,-1.974170831512046689e-04,2.581883928881208823e-32
4.600000000000000533e+00,-2.208821623994813854e-04,6.692116104709842656e-31
4.650000000000000355e+00,-2.406059497207799290e-04,1.570210404630012917e-29
4.700000000000000178e+00,-2.554562795270673881e-04,3.342560355675791535e-28
4.750000000000000000e+00,-2.640796975397088453e-04,6.468445061168471065e-27
4.800000000000000711e+00,-2.650408827411239281e-04,1.140012914076398823e-25
4.850000000000000533e+00,-2.572941145938563564e-04,1.832824202869051462e-24
4.900000000000000355e+00,-2.393357052496721091e-04,2.691969396251439137e-23
4.950000000000000178e+00,-2.105718031012932315e-04,3.616783089207828240e-22
5.000000000000000000e+00,-1.697493584966903589e-04,4.450122841346482434e-21
5.050000000000000711e+00,-1.168721890745007274e-04,5.019300550086121326e-20
5.100000000000000533e+00,-5.129041907453546180e-05,5.193869154281523223e-19
5.150000000000000355e+00,2.624829161339057015e-05,4.934010605419583044e-18
5.200000000000000178e+00,1.154608949448708512e-04,4.305099079245409753e-17
5.250000000000000000e+00,2.147274844036802053e-04,3.451264426493180562e-16
5.300000000000000711e+00,3.225816231417442123e-04,2.542404057092773942e-15
5.350000000000000533e+00,4.364533578974336982e-04,1.720905457352102841e-14
5.400000000000000355e+00,5.535748748694428777e-04,1.070036093062586980e-13
5.450000000000000178e+00,6.704411957072248674e-04,6.108711790680595839e-13
5.500000000000000000e+00,7.830420006872006915e-04,3.199454983806418153e-12
5.550000000000000711e+00,8.870888128448683064e-04,1.535711277851029014e-11
5.600000000000000533e+00,9.775950294674947902e-04,6.745667524373236584e-11
5.650000000000000355e+00,1.049810729585269132e-03,2.706487811247514295e-10
5.700000000000000178e+00,1.098257771024778364e-03,9.894635736107790253e-10
5.750000000000000000e+00,1.118231345329037413e-03,3.285853554033053985e-09
5.800000000000000711e+00,1.104450007358969213e-03,9.871582240028672557e-09
5.850000000000000533e+00,1.052930682869108580e-03,2.668598530685593942e-08
5.900000000000000355e+00,9.594337433320558346e-04,6.444150259115013942e-08
5.950000000000000178e+00,8.214952467774746430e-04,1.375702518823425920e-07
6.000000000000000000e+00,6.368392557795153446e-04,2.555622786943508099e-07
6.050000000000000711e+00,4.053527759519425563e-04,4.022101821979418306e-07
6.100000000000000533e+00,1.276102369359105137e-04,5.079381828896994298e-07
6.150000000000000355e+00,-1.934034636521791007e-04,4.405634837990640992e-07
6.200000000000000178e+00,-5.535493266956262488e-04,5.294630167239101566e-08
6.250000000000000000e+00,-9.462241900572756484e-04,-7.049729988584850594e-07
6.300000000000000711e+00,-1.363332503065015295e-03,-1.689420604892348009e-06
6.350000000000000533e+00,-1.794506905474456231e-03,-2.622613211546557596e-06
6.400000000000000355e+00,-2.227768752404487868e-03,-3.341026331973548097e-06
6.450000000000000178e+00,-2.649347602556210469e-03,-3.996379077733713269e-06
6.500000000000000000e+00,-3.044034095708003304e-03,-4.890899111767531175e-06
6.550000000000000711e+00,-3.395615160490049467e-03,-6.044670299465095476e-06
6.600000000000000533e+00,-3.686940995381983530e-03,-7.092074917215050442e-06
6.650000000000000355e+00,-3.900942088530965236e-03,-7.775931538454276695e-06
6.700000000000000178e+00,-4.020437606778960379e-03,-8.321447951186205420e-06
6.750000000000000000e+00,-4.029652277068865134e-03,-8.981042189920987934e-06
6.800000000000000711e+00,-3.913788457623122198e-03,-9.468462411131834089e-06
6.850000000000000533e+00,-3.660917770496704277e-03,-9.388456241983777058e-06
6.900000000000000355e+00,-3.261326865908837844e-03,-8.919750006829781259e-06
6.950000000000000178e+00,-2.709623616177735984e-03,-8.334888508503457590e-06
7.000000000000000000e+00,-2.003851169532283680e-03,-7.289429877083236124e-06
7.050000000000000711e+00,-1.147625369113901544e-03,-5.467597515148929941e-06
7.100000000000000533e+00,-1.489978583222019383e-04,-3.208278918086389974e-06
7.150000000000000355e+00,9.775662249541076671e-04,-6.297910561012150862e-07
7.200000000000000178e+00,2.212602429193103078e-03,2.708793866903518391e-06
7.250000000000000000e+00,3.530009476197538618e-03,6.728024933635541867e-06
7.300000000000000711e+00,4.898762638347336877e-03,1.098769060833278535e-05
7.350000000000000533e+00,6.281767122514561597e-03,1.572179021285545462e-05
7.400000000000000355e+00,7.637873314918382055e-03,2.105081448336003244e-05
7.450000000000000178e+00,8.921323327333113840e-03,2.640921526494918747e-05
7.500000000000000000e+00,1.008403598093712134e-02,3.174894615252911516e-05
7.550000000000000711e+00,1.107568414535140162e-02,3.724015127283188283e-05
7.600000000000000533e+00,1.184616930121115165e-02,4.227101202633061733e-05
7.650000000000000355e+00,1.234629135443583714e-02,4.657731744372736271e-05
7.700000000000000178e+00,1.253027673685253723e-02,5.029853430185473868e-05
7.750000000000000000e+00,1.235692249765275863e-02,5.279165355233474469e-05
7.800000000000000711e+00,1.179198611526309851e-02,5.369772196823126298e-05
7.850000000000000533e+00,1.080961144815571762e-02,5.313273931078057647e-05
7.900000000000000355e+00,9.394342396752184896e-03,5.044738941563874611e-05
7.950000000000000178e+00,7.542580653762241509e-03,4.534672066013991699e-05
8.000000000000000000e+00,5.263959309893095039e-03,3.798722206174140513e-05
8.050000000000000711e+00,2.582552107862717133e-03,2.778818308240875313e-05
8.099999999999999645e+00,-4.626535427120490648e-04,1.470927414013584856e-05
8.150000000000000355e+00,-3.817069921498079423e-03,-9.732535013078958980e-07
8.200000000000001066e+00,-7.411157277421783277e-03,-1.963413331495729474e-05
8.250000000000000000e+00,-1.116048587379997112e-02,-4.087094953112201053e-05
8.300000000000000711e+00,-1.496764691326682092e-02,-6.423335811167593993e-05
8.349999999999999645e+00,-1.872319911161553913e-02,-8.970261582959282182e-05
8.400000000000000355e+00,-2.230886700989104243e-02,-1.163269474854295620e-04
8.450000000000001066e+00,-2.559938120160798816e-02,-1.434749340272757591e-04
8.500000000000000000e+00,-2.846684333449125970e-02,-1.705499541360401517e-04
8.550000000000000711e+00,-3.078331799584255180e-02,-1.961293126968937880e-04
8.599999999999999645e+00,-3.242608401829597670e-02,-2.194296052350064698e-04
8.650000000000000355e+00,-3.328067830045715325e-02,-2.392139099255881124e-04
8.700000000000001066e+00,-3.324659886011878396e-02,-2.539121460137318850e-04
8.750000000000000000e+00,-3.224035848834620743e-02,-2.626294187673013352e-04
8.800000000000000711e+00,-3.020107928702134292e-02,-2.637200220771596560e-04
8.849999999999999645e+00,-2.709301067765063423e-02,-2.559627659780847118e-04
8.900000000000000355e+00,-2.291038116170330402e-02,-2.384413065183150322e-04
8.950000000000001066e+00,-1.767879301721841934e-02,-2.097371331077242120e-04
9.000000000000000000e+00,-1.145869480567585606e-02,-1.694336532796836064e-04
9.050000000000000711e+00,-4.345101287646003022e-03,-1.168931011369493678e-04
9.099999999999999645e+00,3.530866923169108124e-03,-5.181634096711928490e-05
9.150000000000000355e+00,1.200436631374152997e-02,2.517802197523957559e-05
9.200000000000001066e+00,2.087760595780755943e-02,1.137833356969368873e-04
9.250000000000000000e+00,2.992455323297377873e-02,2.125045071834992701e-04
9.300000000000000711e+00,3.889415584259395264e-02,3.196042594788944509e-04
9.349999999999999645e+00,4.751731228157961284e-02,4.329937528828378939e-04
9.400000000000000355e+00,5.551236314558558038e-02,5.494004808956603342e-04
9.450000000000001066e+00,6.259394847065333223e-02,6.657800093164013139e-04
9.500000000000000000e+00,6.848025843721650130e-02,7.779559413423823948e-04
9.550000000000000711e+00,7.290307633918746699e-02,8.815370084903877005e-04
9.600000000000001421e+00,7.561596482677615527e-02,9.720078395886672454e-04
9.650000000000000355e+00,7.640451160202590963e-02,1.043988663478888183e-03
9.700000000000001066e+00,7.509437886377465232e-02,1.092751303907902195e-03
9.750000000000000000e+00,7.156057533673743087e-02,1.112965262459684893e-03
9.800000000000000711e+00,6.573415833814399978e-02,1.099839394346851639e-03
9.850000000000001421e+00,5.760929152951538290e-02,1.049129855143346099e-03
9.900000000000000355e+00,4.724739690911153311e-02,9.567207797634432560e-04
9.950000000000001066e+00,3.478085167188448013e-02,8.200831058689590954e-04
1.000000000000000000e+01,2.041356194366421642e-02,6.370429845010398178e-04
1.005000000000000071e+01,4.420415103103834953e-03,4.072114484569777583e-04
1.010000000000000142e+01,-1.285641190471401712e-02,1.315601171426228799e-04
1.015000000000000036e+01,-3.101270813565949747e-02,-1.875521309253718990e-04
1.020000000000000107e+01,-4.959038906204059349e-02,-5.453784010640296519e-04
1.025000000000000000e+01,-6.808738132824482259e-02,-9.360148621140524424e-04
1.030000000000000071e+01,-8.596987565863935254e-02,-1.350933647062868906e-03
1.035000000000000142e+01,-1.026861560000471574e-01,-1.780140493933122636e-03
1.040000000000000036e+01,-1.176819605048587819e-01,-2.211697052083446812e-03
1.045000000000000107e+01,-1.304169746883200309e-01,-2.631732108237291867e-03
1.050000000000000000e+01,-1.403817592899613553e-01,-3.025493047514929250e-03
1.055000000000000071e+01,-1.471151250371712516e-01,-3.376393055349552301e-03
1.060000000000000142e+01,-1.502206640842564389e-01,-3.667826007037347166e-03
1.065000000000000036e+01,-1.493828961335252892e-01,-3.882406182404731215e-03
1.070000000000000107e+01,-1.443812277742052563e-01,-4.003276687798819691e-03
1.075000000000000000e+01,-1.351026725930791761e-01,-4.014569843750899827e-03
1.080000000000000071e+01,-1.215511152052716759e-01,-3.901538607334680345e-03
1.085000000000000142e+01,-1.038546027726084675e-01,-3.652272362696132486e-03
1.090000000000000036e+01,-8.226813277590777629e-02,-3.257028449971669654e-03
1.095000000000000107e+01,-5.717399700849015720e-02,-2.710271543355195680e-03
1.100000000000000000e+01,-2.907693183947507309e-02,-2.010182183090553250e-03
1.105000000000000071e+01,1.403263992215967454e-03,-1.159870914972450581e-03
1.110000000000000142e+01,3.354453291740056020e-02,-1.677895555720887162e-04
1.115000000000000036e+01,6.653752012255703674e-02,9.524449613551041289e-04
1.120000000000000107e+01,9.950566610637751053e-02,2.180824646951853678e-03
1.125000000000000000e+01,1.315265948569392662e-01,3.492218315046632070e-03
1.130000000000000071e+01,1.616578310052557144e-01,4.855152554831062769e-03
1.135000000000000142e+01,1.889625023744824217e-01,6.233348643412081093e-03
1.140000000000000036e+01,2.125381316299316536e-01,7.585491863106867856e-03
1.145000000000000107e+01,2.315437618637181671e-01,8.866314821627486673e-03
1.150000000000000000e+01,2.452286313357979197e-01,1.002787356300075330e-02
1.155000000000000071e+01,2.529573544548195940e-01,1.102000978932626135e-02
1.160000000000000142e+01,2.542350011733205406e-01,1.179290775580270519e-02
1.165000000000000036e+01,2.487268852581243084e-01,1.229735053446189171e-02
1.170000000000000107e+01,2.362767092099108401e-01,1.248775614965044398e-02
1.175000000000000000e+01,2.169178748651807709e-01,1.232287560362094886e-02
1.180000000000000071e+01,1.908819410227750313e-01,1.176837844229125171e-02
1.185000000000000142e+01,1.585991699278185563e-01,1.079840605628592902e-02
1.190000000000000036e+01,1.206955398589045908e-01,9.397083249888610323e-03
1.195000000000000107e+01,7.798140678981983764e-02,7.560802556146105011e-03
1.200000000000000000e+01,3.143662101784250318e-02,5.298542294641032761e-03
1.205000000000000071e+01,-1.781240740772355863e-02,2.634224671502396337e-03
1.210000000000000142e+01,-6.851846764763135089e-02,-3.938694302025340030e-04
1.215000000000000036e+01,-1.193463042068785840e-01,-3.731582302836022966e-03
1.220000000000000107e+01,-1.689067767099445005e-01,-7.309947093476659372e-03
1.225000000000000000e+01,-2.157962903242744424e-01,-1.104529527973927873e-02
1.230000000000000071e+01,-2.586356371143495592e-01,-1.484053979871222291e-02
1.235000000000000142e+01,-2.961118837503785572e-01,-1.858725880594672489e-02
1.240000000000000036e+01,-3.270173198489643163e-01,-2.216722148401930464e-02
1.245000000000000107e+01,-3.502889815533243856e-01,-2.545625148552428663e-02
1.250000000000000000e+01,-3.650428056562371459e-01,-2.832626095006917158e-02
1.255000000000000071e+01,-3.706059398894580581e-01,-3.065024365185128191e-02
1.260000000000000142e+01,-3.665414820595603862e-01,-3.230511773380388696e-02
1.265000000000000036e+01,-3.526693183485388738e-01,-3.317697068250211045e-02
1.270000000000000107e+01,-3.290777163835140184e-01,-3.316480475207603945e-02
1.275000000000000000e+01,-2.961296031177880206e-01,-3.218517602543148615e-02
1.280000000000000071e+01,-2.544587007221627006e-01,-3.017656228272804636e-02
1.285000000000000142e+01,-2.049597876298814292e-01,-2.710273770199022811e-02
1.290000000000000036e+01,-1.487688620935148087e-01,-2.295708457238139488e-02
1.295000000000000107e+01,-8.723783743092840270e-02,-1.776431260551264435e-02
1.300000000000000000e+01,-2.190017711093561817e-02,-1.158376494217151775e-02
1.305000000000000071e+01,4.556757492746813659e-02,-4.509327132215735362e-03
1.310000000000000142e+01,1.133913675736175075e-01,3.329260700297739187e-03
1.315000000000000036e+01,1.797471347519227214e-01,1.176830633096465073e-02
1.320000000000000107e+01,2.428127107796512751e-01,2.061161261340151152e-02
1.325000000000000000e+01,3.008189047637169766e-01,2.963411431529759318e-02
1.330000000000000071e+01,3.521018906257217806e-01,3.858641399938716327e-02
1.335000000000000142e+01,3.951517564120208270e-01,4.720002569241635304e-02
1.340000000000000036e+01,4.286591984054216597e-01,5.519477944779527245e-02
1.345000000000000107e+01,4.515555142921960918e-01,6.228546257324459740e-02
1.350000000000000000e+01,4.630478924992819101e-01,6.819132934941705970e-02
1.355000000000000071e+01,4.626456563188706683e-01,7.264377844255763550e-02
1.360000000000000142e+01,4.501796352117566347e-01,7.539677275079725849e-02
1.365000000000000036e+01,4.258109864119323795e-01,7.623496814087832307e-02
1.370000000000000107e+01,3.900319359359860627e-01,7.498360112681659584e-02
1.375000000000000000e+01,3.436555321011911523e-01,7.151623044793067874e-02
1.380000000000000071e+01,2.877972383841232440e-01,6.576261882445838536e-02
1.385000000000000142e+01,2.238462649851776787e-01,5.771503535359713555e-02
1.390000000000000036e+01,1.534298137845383492e-01,4.743283571534098741e-02
1.395000000000000107e+01,7.836890355325946966e-02,3.504617971829560030e-02
1.400000000000000000e+01,6.292160647678839147e-04,2.075636894153561063e-02
1.405000000000000071e+01,-7.773371247651000848e-02,4.835924357838436091e-03
1.410000000000000142e+01,-1.546313934050057015e-01,-1.237577816611635205e-02
1.415000000000000036e+01,-2.280015668462994083e-01,-3.047681857383386511e-02
1.420000000000000107e+01,-2.958661717223725063e-01,-4.901170649067412843e-02
1.425000000000000000e+01,-3.563880053765555722e-01,-6.748031991097240556e-02
1.430000000000000071e+01,-4.079228665916591612e-01,-8.535082917890607357e-02
1.435000000000000142e+01,-4.490670131903796158e-01,-1.020728502278105965e-01
1.440000000000000036e+01,-4.786972206526833862e-01,-1.170931339824763245e-01
1.445000000000000107e+01,-4.960034014570612326e-01,-1.298718186298219446e-01
1.450000000000000000e+01,-5.005117403027314893e-01,-1.398992672951387961e-01
1.455000000000000071e+01,-4.920985887871215381e-01,-1.467136667702466923e-01
1.460000000000000142e+01,-4.709938639828422646e-01,-1.499171067998537055e-01
1.465000000000000036e+01,-4.377745707366582639e-01,-1.491923152436511191e-01
1.470000000000000107e+01,-3.933480303658747346e-01,-1.443159683682811167e-01
1.475000000000000000e+01,-3.389258294267767369e-01,-1.351721693143271841e-01
1.480000000000000071e+01,-2.759888799506569068e-01,-1.217610941321065898e-01
1.485000000000000142e+01,-2.062449396156248449e-01,-1.042069689028897184e-01
1.490000000000000036e+01,-1.315796874054594445e-01,-8.276050623510880500e-02
1.495000000000000107e+01,-5.400291058153180307e-02,-5.779962830157608228e-02
1.500000000000000000e+01,2.440856375944570195e-02,-2.982472405206587976e-02
1.505000000000000071e+01,1.015696078603468139e-01,5.488398303300796172e-04
1.510000000000000142e+01,1.754452393480485095e-01,3.260284723865904122e-02
1.515000000000000036e+01,2.441073662198877392e-01,6.553188108334805084e-02
1.520000000000000107e+01,3.057877578596870372e-01,9.846216237375764180e-02
1.525000000000000000e+01,3.589262162873457784e-01,1.304742023124551009e-01
1.530000000000000071e+01,4.022119737819102037e-01,1.606267751352215833e-01
1.535000000000000142e+01,4.346178513412798372e-01,1.879843695345724264e-01
1.540000000000000036e+01,4.554254721474536582e-01,2.116439089213158486e-01
1.545000000000000107e+01,4.642417525547147816e-01,2.307639517648509275e-01
1.550000000000000000e+01,4.610053425117078829e-01,2.445911756655064218e-01
1.555000000000000071e+01,4.459839873284463518e-01,2.524877640867803086e-01
1.560000000000000142e+01,4.197618988745535074e-01,2.539543893258283669e-01
1.565000000000000036e+01,3.832188452597549144e-01,2.486521413841359940e-01
1.570000000000000107e+01,3.375004279424093090e-01,2.364188537068170060e-01
1.575000000000000000e+01,2.839819092246423926e-01,2.172823219941572015e-01
1.580000000000000071e+01,2.242253380511939620e-01,1.914673448654959087e-01
1.585000000000000142e+01,1.599328485572544256e-01,1.593978300986272356e-01
1.590000000000000036e+01,9.289600540874175250e-02,1.216928428048886790e-01
1.595000000000000107e+01,2.494439942007460262e-02,7.915642612439216519e-02
1.600000000000000000e+01,-4.210668844537853589e-02,3.276217837883779044e-02
1.605000000000000071e+01,-1.065062208576699199e-01,-1.636891082411593215e-02
1.610000000000000142e+01,-1.666153600181023153e-01,-6.699442962193784268e-02
1.615000000000000213e+01,-2.209501713122342947e-01,-1.177828495629635042e-01
1.619999999999999929e+01,-2.682199079753284643e-01,-1.673477104360368561e-01
1.625000000000000000e+01,-3.073578197669921130e-01,-2.142868113932822061e-01
1.630000000000000071e+01,-3.375458534204757166e-01,-2.572210609365699896e-01
1.635000000000000142e+01,-3.582305130926036751e-01,-2.948362057921626311e-01
1.640000000000000213e+01,-3.691318530522222363e-01,-3.259219370607863153e-01
1.644999999999999929e+01,-3.702432430407580077e-01,-3.494112033544398144e-01
1.650000000000000000e+01,-3.618244904985810084e-01,-3.644148100757059749e-01
1.655000000000000071e+01,-3.443863158130593405e-01,-3.702533514264854109e-01
1.660000000000000142e+01,-3.186693232858485714e-01,-3.664827747379924561e-01
1.665000000000000213e+01,-2.856157454533093665e-01,-3.529145853682612022e-01
1.669999999999999929e+01,-2.463375569176251556e-01,-3.296286811655082527e-01
1.675000000000000000e+01,-2.020793976272419745e-01,-2.969786923147618163e-01
1.680000000000000071e+01,-1.541802141069048004e-01,-2.555897514631805256e-01
1.685000000000000142e+01,-1.040320746951958475e-01,-2.063475035346331865e-01
1.690000000000000213e+01,-5.304022177728084930e-02,-1.503802193267634035e-01
1.694999999999999929e+01,-2.582680385281511948e-03,-8.903195634594679442e-02
1.700000000000000000e+01,4.602651356718678866e-02,-2.383034154720873807e-02
1.705000000000000071e+01,9.157242211696034473e-02,4.355365304453148040e-02
1.710000000000000142e+01,1.329687194860171284e-01,1.113490815484579344e-01
1.715000000000000213e+01,1.692839533486318326e-01,1.777344035819083401e-01
1.719999999999999929e+01,1.997608479424249350e-01,2.408872929795530249e-01
1.725000000000000000e+01,2.238314417502567932e-01,2.990376291555646437e-01
1.730000000000000071e+01,2.411246299682331673e-01,3.505180138862488137e-01
1.735000000000000142e+01,2.514693732255048331e-01,3.938141609697864975e-01
1.740000000000000213e+01,2.548904187536510935e-01,4.276100607421491340e-01
1.744999999999999929e+01,2.516002339773565910e-01,4.508296365765580571e-01
1.750000000000000000e+01,2.419842308232474926e-01,4.626709200504077191e-01
1.755000000000000071e+01,2.265833478573864856e-01,4.626336953079520642e-01
1.760000000000000142e+01,2.060712217888121534e-01,4.505381992228474353e-01
1.765000000000000213e+01,1.812302815808892464e-01,4.265350155653875319e-01
1.769999999999999929e+01,1.529240492097182214e-01,3.911055705664819304e-01
1.775000000000000000e+01,1.220701299880810470e-01,3.450525935963706381e-01
1.780000000000000071e+01,8.961112144255371781e-02,2.894818326522377028e-01
1.785000000000000142e+01,5.648795670471336294e-02,2.257737192489198130e-01
1.790000000000000213e+01,2.361275667977160569e-02,1.555480156925319046e-01
1.794999999999999929e+01,-8.154363189475627438e-03,8.061962034170624958e-02
1.800000000000000000e+01,-3.802769134940060802e-02,2.949988791918115028e-03
1.805000000000000071e+01,-6.531322666523321774e-02,-7.540800048129703281e-02
1.810000000000000142e+01,-8.942433684140102534e-02,-1.523663129942436079e-01
1.815000000000000213e+01,-1.098916678183349954e-01,-2.258615005973036716e-01
1.819999999999999929e+01,-1.263710482916515221e-01,-2.939120826362411343e-01
1.825000000000000000e+01,-1.386454984631348419e-01,-3.546759143230433509e-01
1.830000000000000071e+01,-1.466253702693341987e-01,-4.065018760732738157e-01
1.835000000000000142e+01,-1.503429210663788373e-01,-4.479780905966391780e-01
1.840000000000000213e+01,-1.499455849904662574e-01,-4.779717264150986633e-01
1.844999999999999929e+01,-1.456843944230589438e-01,-4.956623297465532207e-01
1.850000000000000000e+01,-1.379019851140820818e-01,-5.005649371093041644e-01
1.855000000000000071e+01,-1.270167292028728523e-01,-4.925445452517141498e-01
1.860000000000000142e+01,-1.135075198435859523e-01,-4.718197240148586102e-01
1.865000000000000213e+01,-9.789577806275291672e-02,-4.389565012183606618e-01
1.869999999999999929e+01,-8.072921481937536670e-02,-3.948520205514459702e-01
1.875000000000000000e+01,-6.256388332296078381e-02,-3.407085867963298709e-01
1.880000000000000071e+01,-4.394899078540595583e-02,-2.779993269348270402e-01
1.885000000000000142e+01,-2.541091820804265364e-02,-2.084255144520354430e-01
1.890000000000000213e+01,-7.440795615775070738e-03,-1.338683599228144838e-01
1.894999999999999929e+01,9.518038291197072898e-03,-5.633471355842506467e-02
1.900000000000000000e+01,2.507850473370312402e-02,2.209923840477157758e-02
1.905000000000000071e+01,3.891798555298780354e-02,9.934745251627435936e-02
1.910000000000000142e+01,5.078224534900475234e-02,1.733717225796888306e-01
1.915000000000000213e+01,6.048900423201741816e-02,2.422393595465155425e-01
1.920000000000000284e+01,6.792732388653993647e-02,3.041754805163708886e-01
1.925000000000000000e+01,7.305683624129029330e-02,3.576122286983302034e-01
1.930000000000000071e+01,7.590313026547471087e-02,4.012296044064916911e-01
1.935000000000000142e+01,7.655338795382252148e-02,4.339906900069345763e-01
1.940000000000000213e+01,7.514870618979031802e-02,4.551664458283085080e-01
1.945000000000000284e+01,7.187721117285275629e-02,4.643531834791810864e-01
1.950000000000000000e+01,6.696448567720031386e-02,4.614787591820295187e-01
1.955000000000000071e+01,6.066538445759263321e-02,4.468007354199903247e-01
1.960000000000000142e+01,5.325380428740687094e-02,4.208936858212543042e-01
1.965000000000000213e+01,4.501440921803447764e-02,3.846288167259608315e-01
1.970000000000000284e+01,3.623289195428802678e-02,3.391443604105474630e-01
1.975000000000000000e+01,2.718866282921925115e-02,2.858096011248669743e-01
1.980000000000000071e+01,1.814653813043341779e-02,2.261822955725789619e-01
1.985000000000000142e+01,9.351187218285381478e-03,1.619617966710498458e-01
1.990000000000000213e+01,1.020888898067259191e-03,9.493886565932735389e-02
1.995000000000000284e+01,-6.655786417089972276e-03,2.694370775859589173e-02
2.000000000000000000e+01,-1.352384098029996845e-02,-4.020573221194093105e-02
2.005000000000000071e+01,-1.946278501235174097e-02,-1.047546320980982104e-01
2.010000000000000142e+01,-2.438812974849892054e-02,-1.650584592810693252e-01
2.015000000000000213e+01,-2.825009268533956730e-02,-2.196269284453907233e-01
2.020000000000000284e+01,-3.103299997678569608e-02,-2.671613478821281973e-01
2.025000000000000000e+01,-3.275215180536865389e-02,-3.065869435794482678e-01
2.030000000000000071e+01,-3.345161398209002546e-02,-3.370764817191673757e-01
2.035000000000000142e+01,-3.319979003854919841e-02,-3.580678268935715280e-01
2.040000000000000213e+01,-3.208619404782901696e-02,-3.692717300199382380e-01
2.045000000000000284e+01,-3.021634405333559550e-02,-3.706733880878564369e-01
2.050000000000000000e+01,-2.770813340345321119e-02,-3.625242521466338630e-01
2.055000000000000071e+01,-2.468664437898352923e-02,-3.453283087510337634e-01
2.060000000000000142e+01,-2.128068351532434385e-02,-3.198196506655177629e-01
2.065000000000000213e+01,-1.761803027850507297e-02,-2.869359620221014207e-01
2.070000000000000284e+01,-1.382259078063653723e-02,-2.477851763124803708e-01
2.075000000000000000e+01,-1.001046442427129882e-02,-2.036100109063866959e-01
2.080000000000000071e+01,-6.288023626635796427e-03,-1.557481341208529491e-01
2.085000000000000142e+01,-2.749024771912239075e-03,-1.055924144777410367e-01
2.090000000000000213e+01,5.262379669583711582e-04,-5.454952291023551503e-02
2.095000000000000284e+01,3.472708580039605454e-03,-4.000769074655630142e-03
2.100000000000000000e+01,6.040344348219693973e-03,4.473605150594828217e-02
2.105000000000000071e+01,8.194849681234472188e-03,9.044075544741561612e-02
2.110000000000000142e+01,9.916508300887014182e-03,1.320215543145576431e-01
2.115000000000000213e+01,1.120005423163932499e-02,1.685405158561552597e-01
2.120000000000000284e+01,1.205277776573757641e-02,1.992339845309734903e-01
2.125000000000000000e+01,1.249378108446044799e-02,2.235271105680396997e-01
2.130000000000000071e+01,1.255162268828366977e-02,2.410423284904390506e-01
2.135000000000000142e+01,1.226323218529941014e-02,2.516021201148524455e-01
2.140000000000000213e+01,1.167136558787660282e-02,2.552254715675734698e-01
2.145000000000000284e+01,1.082344397821615248e-02,2.521194905474067882e-01
2.150000000000000000e+01,9.769065858429133720e-03,2.426651609692553335e-01
2.155000000000000071e+01,8.558994635770544174e-03,2.273997033195139239e-01
2.160000000000000142e+01,7.242923784736140722e-03,2.069940803868351997e-01
2.165000000000000213e+01,5.868778586699972301e-03,1.822289305945771209e-01
2.170000000000000284e+01,4.480865054347391713e-03,1.539670307214731360e-01
2.175000000000000000e+01,3.119583519483744207e-03,1.231261560657373050e-01
2.180000000000000071e+01,1.820023421656169873e-03,9.065001573213718467e-02
2.185000000000000142e+01,6.121194373291445221e-04,5.748147020434068305e-02
2.190000000000000213e+01,-4.803088577478586171e-04,2.453532081982932878e-02
2.195000000000000284e+01,-1.438986000050688574e-03,-7.325026932930512463e-03
2.200000000000000000e+01,-2.251748079236976820e-03,-3.731006122330926544e-02
2.205000000000000071e+01,-2.911628287416948187e-03,-6.472164963829372952e-02
2.210000000000000142e+01,-3.417118937398272091e-03,-8.896877967727824521e-02
2.215000000000000213e+01,-3.771011454631930954e-03,-1.095776984994324410e-01
2.220000000000000284e+01,-3.980458581460630599e-03,-1.261998305118927632e-01
2.225000000000000000e+01,-4.055676749172042357e-03,-1.386140813517519055e-01
2.230000000000000071e+01,-4.009915674973687366e-03,-1.467268763689706934e-01
2.235000000000000142e+01,-3.858126358914403756e-03,-1.505671079131082057e-01
2.240000000000000213e+01,-3.616933972581276059e-03,-1.502791526981615000e-01
2.245000000000000284e+01,-3.303358250035913577e-03,-1.461117590221582274e-01
2.250000000000000000e+01,-2.934865360059015198e-03,-1.384056185622447033e-01
2.255000000000000071e+01,-2.528203968292130205e-03,-1.275780715617876315e-01
2.260000000000000142e+01,-2.099586295573010585e-03,-1.141072627509101545e-01
2.265000000000000213e+01,-1.663677302500089555e-03,-9.851484072053974528e-02
2.270000000000000284e+01,-1.233928606220254139e-03,-8.134889114647989028e-02
2.275000000000000000e+01,-8.217332199568017428e-04,-6.316681452910841155e-02
2.280000000000000071e+01,-4.369124393595353196e-04,-4.451911434264591710e-02
2.285000000000000142e+01,-8.702697020923855437e-05,-2.593438490301511190e-02
2.290000000000000213e+01,2.220016306387156372e-04,-7.905682405552134223e-03
2.295000000000000284e+01,4.864483339577004169e-04,9.120899110164356824e-03
2.300000000000000000e+01,7.040598735894684941e-04,2.475606061123273444e-02
2.305000000000000071e+01,8.745144897614530281e-04,3.867423375249727513e-02
2.310000000000000142e+01,9.986315934530625577e-04,5.061900244612902583e-02
2.315000000000000213e+01,1.078770788733792851e-03,6.040526753547530159e-02
2.320000000000000284e+01,1.118014020210238721e-03,6.792024052050116278e-02
2.325000000000000000e+01,1.120538989637720213e-03,7.312113285116061956e-02
2.330000000000000071e+01,1.090807484606040470e-03,7.603223126626432182e-02
2.335000000000000142e+01,1.033942419458400239e-03,7.673888129666703306e-02
2.340000000000000213e+01,9.549490463506305491e-04,7.538155176312243133e-02
2.345000000000000284e+01,8.591163350810265571e-04,7.214720742306580947e-02
2.350000000000000000e+01,7.512893489618274615e-04,6.726150770054709072e-02
2.355000000000000071e+01,6.363066287903766487e-04,6.097881956215284865e-02
2.360000000000000142e+01,5.183330747012529407e-04,5.357376398219342029e-02
2.365000000000000213e+01,4.013368294094453339e-04,4.533110990698738935e-02
2.370000000000000284e+01,2.884839331196182178e-04,3.653779490517625878e-02
2.375000000000000000e+01,1.826512807158571722e-04,2.747378739739384651e-02
2.380000000000000071e+01,8.587835819168299968e-05,1.840549658840156741e-02
2.385000000000000142e+01,-9.249783204647938272e-08,9.578430600512305437e-03
2.390000000000000213e+01,-7.431566621519886194e-05,1.212617617271429752e-03
2.395000000000000284e+01,-1.360865597598174073e-04,-6.502432184976628463e-03
2.400000000000000000e+01,-1.854028280880686951e-04,-1.341000043428338881e-02
2.405000000000000071e+01,-2.224058423210785104e-04,-1.938872000094427756e-02
2.410000000000000142e+01,-2.478142551108072716e-04,-2.435256809170838893e-02
2.415000000000000213e+01,-2.623743060119252237e-04,-2.825107657071303235e-02
2.420000000000000284e+01,-2.672751800474729481e-04,-3.106733968682201183e-02
2.425000000000000000e+01,-2.636180768836045947e-04,-3.281624789475487414e-02
2.430000000000000071e+01,-2.528202994950437370e-04,-3.354100305415580463e-02
2.435000000000000142e+01,-2.361107716749050883e-04,-3.330990999309277334e-02
2.440000000000000213e+01,-2.149270266501773557e-04,-3.221200259828169155e-02
2.445000000000000284e+01,-1.904420629063533345e-04,-3.035300036034615373e-02
2.450000000000000000e+01,-1.639560378794047049e-04,-2.785067164707567822e-02
2.455000000000000071e+01,-1.364565110367272813e-04,-2.483055175263040870e-02
2.460000000000000142e+01,-1.090046182319485876e-04,-2.142161494544095324e-02
2.465000000000000213e+01,-8.232860306203816148e-05,-1.775227064678002592e-02
2.470000000000000284e+01,-5.720239663941202807e-05,-1.394680175844135485e-02
2.475000000000000000e+01,-3.407110621203383036e-05,-1.012202735606471810e-02
2.480000000000000071e+01,-1.341855634346440643e-05,-6.384814087440073352e-03
2.485000000000000142e+01,4.577301955915661029e-06,-2.829640700702702044e-03
2.490000000000000213e+01,1.969180084638088782e-05,4.626742593641357953e-04
2.495000000000000284e+01,3.197076301003131060e-05,3.426425851954210608e-03
2.500000000000000000e+01,4.139644247717693629e-05,6.011090284843085066e-03
2.505000000000000071e+01,4.818001728459248169e-05,8.181853770943008433e-03
2.510000000000000142e+01,5.244906250657124748e-05,9.918615707346218474e-03
2.515000000000000213e+01,5.451751274798433697e-05,1.121575695161826369e-02
2.520000000000000284e+01,5.459719089007021591e-05,1.208031083172601133e-02
2.525000000000000000e+01,5.304653008894282657e-05,1.253120212149120422e-02
2.530000000000000071e+01,5.010815299910505941e-05,1.259686810284801721e-02
2.535000000000000142e+01,4.613686982714602708e-05,1.231422607810668361e-02
2.540000000000000213e+01,4.136448392732521994e-05,1.172603617444136458e-02
2.545000000000000284e+01,3.610720137048086247e-05,1.087984472882708685e-02
2.550000000000000000e+01,3.055788749048219240e-05,9.825355442267189043e-03
2.555000000000000071e+01,2.497281589295347666e-05,8.613556081437809264e-03
2.560000000000000142e+01,1.949094812355635177e-05,7.294314157177346318e-03
2.565000000000000213e+01,1.429961178520941803e-05,5.915835112773266784e-03
2.570000000000000284e+01,9.480207099818581016e-06,4.522633583243325026e-03
2.575000000000000000e+01,5.151994877305399339e-06,3.155403273304537189e-03
2.580000000000000071e+01,1.343685736178620059e-06,1.849445569487480085e-03
2.585000000000000142e+01,-1.885622658143780693e-06,6.349645603656024588e-04
2.590000000000000213e+01,-4.549600724405750919e-06,-4.640296072257853047e-04
2.595000000000000284e+01,-6.637280143571200515e-06,-1.429044631502444929e-03
2.600000000000000000e+01,-8.191816277356898745e-06,-2.247763292674520748e-03
